Borough,"date_mday",Agency,AvgCloseTime,AvgTimeMin
MANHATTAN,2,DOITT,"18+22:13:18.000000","454.2216666667"
MANHATTAN,1,DPR,"18+02:10:46.000000","434.1794444444"
BRONX,3,DOHMH,"17+21:37:40.000000","429.6277777778"
"STATEN ISLAND",4,DOITT,"16+23:04:54.000000","407.0816666667"
BROOKLYN,4,DOITT,"16+21:23:17.000000","405.3880555556"
MANHATTAN,5,DOITT,"16+00:10:23.000000","384.1730555556"
"STATEN ISLAND",3,DCA,"15+14:13:44.000000","374.2288888889"
"STATEN ISLAND",4,DCA,"15+12:44:24.000000","372.7400000000"
BROOKLYN,2,DCA,"15+05:10:44.000000","365.1788888889"
BROOKLYN,6,DOITT,"14+21:51:32.000000","357.8588888889"
BRONX,3,DCA,"13+22:35:01.333333","334.5837037036"
QUEENS,1,DCA,"13+18:34:57.375000","330.5826041667"
BROOKLYN,5,DFTA,"13+14:12:42.000000","326.2116666667"
MANHATTAN,5,DFTA,"13+03:22:48.000000","315.3800000000"
QUEENS,7,DFTA,"13+00:59:31.500000","312.9920833333"
"STATEN ISLAND",6,DPR,"12+23:12:38.000000","311.2105555556"
MANHATTAN,5,DCA,"12+09:32:01.615385","297.5337820514"
QUEENS,4,DCA,"12+04:04:43.750000","292.0788194444"
QUEENS,3,DCA,"12+00:58:21.812500","288.9727256944"
BROOKLYN,1,DCA,"12+00:24:50.625000","288.4140625000"
QUEENS,5,DCA,"11+23:53:33.666667","287.8926851853"
BROOKLYN,2,DOHMH,"11+19:42:09.200000","283.7025555556"
BRONX,2,DCA,"11+18:00:21.750000","282.0060416667"
MANHATTAN,2,EDC,"11+16:26:44.000000","280.4455555556"
MANHATTAN,4,DCA,"11+12:08:39.714286","276.144365079"
MANHATTAN,3,DCA,"11+07:04:32.615385","271.075726496"
BROOKLYN,10,EDC,"11+03:58:18.000000","267.971666667"
Unspecified,4,DCA,"11+02:59:33.583333","266.992662037"
BROOKLYN,2,DOE,"11+00:14:58.000000","264.249444444"
MANHATTAN,2,DOHMH,"10+22:52:42.000000","262.878333333"
MANHATTAN,10,EDC,"10+22:50:48.000000","262.846666667"
MANHATTAN,3,EDC,"10+22:12:16.000000","262.204444444"
QUEENS,1,FDNY,"10+19:17:40.000000","259.294444444"
QUEENS,6,DCA,"10+13:33:08.333333","253.552314815"
MANHATTAN,3,DOHMH,"10+10:55:21.250000","250.922569444"
BROOKLYN,11,EDC,"10+07:34:16.000000","247.571111111"
QUEENS,3,DOHMH,"10+06:27:33.666667","246.459351852"
"STATEN ISLAND",9,TLC,"10+00:05:05.000000","240.084722222"
MANHATTAN,11,EDC,"9+23:07:01.000000","239.116944444"
QUEENS,1,DOHMH,"9+22:18:52.750000","238.314652778"
BROOKLYN,5,DCA,"9+22:14:55.933333","238.248870370"
BROOKLYN,4,DFTA,"9+22:01:52.000000","238.031111111"
BRONX,4,DOHMH,"9+20:11:14.500000","236.187361111"
BRONX,7,DOE,"9+18:03:35.000000","234.059722222"
MANHATTAN,7,DOE,"9+16:37:15.000000","232.620833333"
BROOKLYN,1,DPR,"9+16:17:27.200000","232.290888889"
MANHATTAN,7,DOHMH,"9+14:06:50.000000","230.113888889"
Unspecified,7,DCA,"9+13:04:13.428571","229.070396825"
MANHATTAN,6,DCA,"9+11:52:27.928571","227.874424603"
BRONX,4,DCA,"9+10:32:21.545455","226.539318182"
"STATEN ISLAND",3,DPR,"9+10:22:18.250000","226.371736111"
QUEENS,2,DOHMH,"9+10:10:49.600000","226.180444444"
BROOKLYN,6,DCA,"9+07:40:09.944444","223.669429012"
BROOKLYN,3,DCA,"9+02:31:47.217391","218.529782609"
"STATEN ISLAND",4,DPR,"8+23:21:30.625000","215.358506944"
MANHATTAN,5,EDC,"8+19:27:42.000000","211.461666667"
BROOKLYN,4,DCA,"8+18:17:23.000000","210.289722222"
MANHATTAN,1,DCA,"8+17:58:00.500000","209.966805556"
MANHATTAN,1,DOHMH,"8+16:16:24.125000","208.273368056"
QUEENS,8,TLC,"8+11:01:50.000000","203.030555556"
BROOKLYN,6,DOHMH,"8+08:01:41.714286","200.028253968"
MANHATTAN,2,DCA,"8+05:30:54.000000","197.515000000"
MANHATTAN,13,EDC,"8+02:47:09.875000","194.786076389"
"STATEN ISLAND",5,DPR,"8+00:54:11.857143","192.903293651"
"STATEN ISLAND",7,DPR,"7+23:18:00.666667","191.300185185"
BROOKLYN,9,DOE,"7+22:47:21.000000","190.789166667"
BRONX,5,DOE,"7+20:46:31.000000","188.775277778"
BROOKLYN,4,DOE,"7+19:50:06.000000","187.835000000"
BROOKLYN,9,DOITT,"7+18:50:29.000000","186.841388889"
QUEENS,7,DPR,"7+15:23:43.968750","183.395546875"
BRONX,5,DOHMH,"7+14:50:23.333333","182.839814815"
Unspecified,8,DCA,"7+09:48:07.500000","177.802083333"
Unspecified,5,DCA,"7+09:30:19.916667","177.505532408"
BROOKLYN,5,DOHMH,"7+09:27:40.500000","177.461250000"
BRONX,6,DCA,"7+06:48:36.600000","174.810166667"
MANHATTAN,7,EDC,"7+02:33:36.000000","170.560000000"
QUEENS,4,DOHMH,"7+02:17:57.000000","170.299166667"
MANHATTAN,14,EDC,"7+00:04:28.000000","168.074444444"
BROOKLYN,3,DOHMH,"6+23:49:43.538462","167.828760684"
Unspecified,3,DCA,"6+20:45:49.538462","164.763760684"
MANHATTAN,6,DOE,"6+19:35:12.000000","163.586666667"
QUEENS,10,DOE,"6+18:45:48.000000","162.763333333"
Unspecified,3,TLC,"6+18:05:03.000000","162.084166667"
MANHATTAN,1,TLC,"6+17:07:22.555556","161.122932099"
QUEENS,7,DCA,"6+12:25:59.500000","156.433194444"
BROOKLYN,6,DOE,"6+11:47:01.000000","155.783611111"
BRONX,3,TLC,"6+09:29:45.500000","153.495972222"
QUEENS,6,DPR,"6+08:35:55.000000","152.598611111"
BROOKLYN,3,TLC,"6+06:42:01.000000","150.700277778"
Unspecified,6,DCA,"6+05:45:20.666667","149.755740741"
QUEENS,3,DPR,"6+05:14:26.612403","149.240725668"
BRONX,11,TLC,"6+04:20:10.000000","148.336111111"
Unspecified,7,OEM,"6+02:21:39.333333","146.360925926"
BROOKLYN,4,DPR,"6+01:59:29.185185","145.991440329"
Unspecified,14,DOE,"6+01:47:00.000000","145.783333333"
QUEENS,4,DPR,"6+00:07:36.760563","144.126877934"
MANHATTAN,12,DOE,"5+23:48:14.000000","143.803888889"
MANHATTAN,8,EDC,"5+23:34:13.000000","143.570277778"
BRONX,14,DOHMH,"5+22:30:13.000000","142.503611111"
BROOKLYN,1,DOHMH,"5+20:59:37.333333","140.993703704"
BRONX,8,TLC,"5+20:45:05.000000","140.751388889"
BROOKLYN,12,DFTA,"5+20:29:04.000000","140.484444444"
Unspecified,7,DOE,"5+19:35:47.000000","139.596388889"
BRONX,1,DOHMH,"5+19:18:25.500000","139.307083333"
BROOKLYN,12,DOHMH,"5+19:12:17.333333","139.204814815"
BROOKLYN,6,DPR,"5+17:01:54.956522","137.031932367"
MANHATTAN,9,DPR,"5+16:33:55.000000","136.565277778"
"STATEN ISLAND",10,DPR,"5+15:23:45.857143","135.396071429"
BRONX,6,DPR,"5+15:21:55.000000","135.365277778"
"STATEN ISLAND",12,DPR,"5+15:06:12.333333","135.103425926"
QUEENS,2,DPR,"5+14:27:14.682171","134.454078381"
QUEENS,7,DOHMH,"5+14:18:14.000000","134.303888889"
BRONX,13,DOE,"5+13:49:50.000000","133.830555556"
"STATEN ISLAND",6,DOHMH,"5+13:30:42.500000","133.511805556"
BROOKLYN,8,TLC,"5+12:21:10.500000","132.352916667"
MANHATTAN,8,TLC,"5+11:45:27.117647","131.757532680"
MANHATTAN,7,DPR,"5+10:56:51.181818","130.947550505"
QUEENS,1,TLC,"5+10:56:42.222222","130.945061728"
MANHATTAN,6,DPR,"5+09:35:25.000000","129.590277778"
Unspecified,13,DCA,"5+06:46:16.500000","126.771250000"
BROOKLYN,7,FDNY,"5+05:14:34.000000","125.242777778"
QUEENS,5,DPR,"5+03:58:42.662651","123.978517403"
MANHATTAN,7,TLC,"5+02:10:30.333333","122.175092593"
"STATEN ISLAND",13,DPR,"5+02:01:07.333333","122.018703704"
BROOKLYN,7,DPR,"5+01:52:32.218750","121.875616319"
BROOKLYN,3,DPR,"5+01:33:51.586207","121.564329502"
MANHATTAN,16,DOHMH,"5+01:32:36.000000","121.543333333"
BRONX,15,DOHMH,"5+01:02:38.000000","121.043888889"
BROOKLYN,13,DFTA,"4+23:43:52.000000","119.731111111"
MANHATTAN,15,DOHMH,"4+23:32:33.500000","119.542638889"
QUEENS,9,DPR,"4+22:54:59.333333","118.916481481"
BRONX,12,DOHMH,"4+22:37:49.000000","118.630277778"
QUEENS,5,DOITT,"4+22:36:30.000000","118.608333333"
Unspecified,15,TLC,"4+21:27:10.000000","117.452777778"
BRONX,13,FDNY,"4+21:22:54.000000","117.381666667"
BRONX,8,DOE,"4+20:56:58.000000","116.949444444"
Unspecified,1,DCA,"4+19:08:05.000000","115.134722222"
MANHATTAN,8,FDNY,"4+18:54:58.500000","114.916250000"
MANHATTAN,2,DPR,"4+18:39:21.571429","114.655992064"
BROOKLYN,15,DOHMH,"4+18:33:17.000000","114.554722222"
MANHATTAN,1,DOT,"4+18:20:46.776119","114.346326700"
BRONX,5,DCA,"4+17:54:49.666667","113.913796296"
BROOKLYN,7,DOE,"4+17:25:22.000000","113.422777778"
QUEENS,13,FDNY,"4+16:38:16.000000","112.637777778"
BROOKLYN,8,DPR,"4+14:33:42.700000","110.561861111"
BRONX,9,DPR,"4+13:41:07.666667","109.685462963"
BRONX,14,DOE,"4+13:13:38.500000","109.227361111"
BROOKLYN,5,DOE,"4+12:50:23.000000","108.839722222"
MANHATTAN,11,TLC,"4+12:46:38.500000","108.777361111"
QUEENS,3,DOT,"4+12:09:00.718182","108.150199495"
QUEENS,6,DOHMH,"4+11:55:01.166667","107.916990741"
BRONX,2,DOHMH,"4+11:43:22.500000","107.722916667"
QUEENS,5,DOHMH,"4+11:19:21.000000","107.322500000"
QUEENS,12,TLC,"4+11:04:45.250000","107.079236111"
QUEENS,6,FDNY,"4+10:40:50.000000","106.680555556"
Unspecified,8,DSNY,"4+10:36:00.000000","106.600000000"
MANHATTAN,3,TLC,"4+10:22:57.000000","106.382500000"
MANHATTAN,13,FDNY,"4+09:58:04.666667","105.967962963"
BROOKLYN,9,DOHMH,"4+09:54:04.000000","105.901111111"
QUEENS,10,DPR,"4+09:41:13.640000","105.687122222"
MANHATTAN,5,DPR,"4+08:39:40.615385","104.661282051"
MANHATTAN,13,TLC,"4+07:05:33.937500","103.092760417"
BRONX,2,TLC,"4+06:34:09.666667","102.569351852"
MANHATTAN,6,FDNY,"4+05:21:15.086957","101.354190821"
BROOKLYN,6,FDNY,"4+04:46:52.000000","100.781111111"
"STATEN ISLAND",11,DPR,"4+04:20:36.250000","100.343402778"
QUEENS,14,TLC,"4+04:20:01.666667","100.333796296"
BRONX,1,DOT,"4+03:59:04.111111","99.9844753086"
BRONX,5,DPR,"4+03:55:54.700000","99.9318611111"
BROOKLYN,13,FDNY,"4+03:29:25.500000","99.4904166667"
BROOKLYN,2,TLC,"4+02:38:43.600000","98.6454444444"
BRONX,7,DPR,"4+02:30:35.857143","98.5099603175"
Unspecified,6,DOT,"4+02:09:56.000000","98.1655555556"
Unspecified,11,DCA,"4+02:06:30.000000","98.1083333333"
"STATEN ISLAND",14,FDNY,"4+01:46:09.000000","97.7691666667"
QUEENS,14,FDNY,"4+01:40:14.000000","97.6705555556"
QUEENS,14,DPR,"4+01:31:29.030303","97.5247306397"
QUEENS,8,DOT,"4+01:19:12.169811","97.3200471697"
QUEENS,8,DOHMH,"4+01:01:08.000000","97.0188888889"
BROOKLYN,14,FDNY,"4+00:59:57.333333","96.9992592592"
MANHATTAN,7,FDNY,"4+00:55:55.736842","96.9321491228"
MANHATTAN,8,DPR,"4+00:49:51.333333","96.8309259258"
"STATEN ISLAND",6,DCA,"4+00:47:22.000000","96.7894444444"
MANHATTAN,3,DPR,"4+00:36:59.687500","96.6165798611"
QUEENS,1,DPR,"4+00:34:21.416667","96.5726157408"
QUEENS,7,FDNY,"4+00:29:05.000000","96.4847222222"
QUEENS,8,DCA,"4+00:28:06.000000","96.4683333333"
BRONX,8,DCA,"4+00:22:10.000000","96.3694444444"
Unspecified,16,DCA,"4+00:14:42.000000","96.2450000000"
BROOKLYN,8,DCA,"3+23:51:52.625000","95.8646180556"
BROOKLYN,8,DOE,"3+23:29:11.000000","95.4863888889"
QUEENS,7,TLC,"3+22:21:02.000000","94.3505555556"
BROOKLYN,13,DPR,"3+21:52:32.647059","93.8757352942"
Unspecified,2,DCA,"3+21:22:31.000000","93.3752777778"
BROOKLYN,10,TLC,"3+21:12:10.666667","93.2029629631"
QUEENS,1,DOT,"3+20:57:28.235294","92.9578431372"
MANHATTAN,11,DOHMH,"3+20:09:38.000000","92.1605555556"
MANHATTAN,8,DOHMH,"3+18:48:20.000000","90.8055555556"
BROOKLYN,1,DSNY,"3+17:06:06.315789","89.1017543858"
MANHATTAN,6,DOHMH,"3+15:27:24.000000","87.4566666667"
"STATEN ISLAND",2,HPD,"3+15:24:00.000000","87.4000000000"
QUEENS,2,DSNY,"3+15:15:21.951220","87.2560975611"
MANHATTAN,8,DOE,"3+14:07:24.000000","86.1233333333"
Unspecified,12,DCA,"3+14:05:54.571429","86.0984920636"
"STATEN ISLAND",2,DOHMH,"3+13:56:24.500000","85.9401388889"
QUEENS,2,DOT,"3+13:38:50.673077","85.6474091881"
MANHATTAN,10,TLC,"3+13:32:20.833333","85.5391203703"
BROOKLYN,1,TLC,"3+13:25:00.800000","85.4168888889"
MANHATTAN,14,FDNY,"3+12:57:40.571429","84.9612698414"
"STATEN ISLAND",10,HPD,"3+12:31:18.260870","84.5217391306"
BROOKLYN,10,DSNY,"3+11:48:06.168224","83.8017133956"
MANHATTAN,4,DPR,"3+11:46:26.285714","83.7739682539"
MANHATTAN,5,DOHMH,"3+11:42:11.666667","83.7032407408"
"STATEN ISLAND",14,DPR,"3+11:41:02.333333","83.6839814814"
MANHATTAN,1,FDNY,"3+11:39:35.000000","83.6597222222"
QUEENS,1,HPD,"3+11:13:11.208791","83.2197802197"
QUEENS,8,DPR,"3+11:04:45.937500","83.0794270833"
"STATEN ISLAND",3,HPD,"3+11:04:36.923077","83.0769230769"
BROOKLYN,15,DPR,"3+10:09:33.400000","82.1592777778"
BROOKLYN,7,DCA,"3+09:48:35.400000","81.8098333333"
Unspecified,14,DOT,"3+09:24:49.250000","81.4136805556"
QUEENS,12,DPR,"3+08:56:04.541667","80.9345949075"
"STATEN ISLAND",8,DOT,"3+08:50:52.571429","80.8479365081"
"STATEN ISLAND",5,DOHMH,"3+08:50:19.500000","80.8387500000"
BROOKLYN,6,DSNY,"3+08:29:27.567568","80.4909909911"
"STATEN ISLAND",9,DSNY,"3+08:26:17.142857","80.4380952381"
QUEENS,13,DPR,"3+08:17:20.176471","80.2889379086"
"STATEN ISLAND",15,HPD,"3+08:00:00.000000","80.0000000000"
MANHATTAN,6,TLC,"3+07:47:39.272727","79.7942424242"
BROOKLYN,2,DPR,"3+07:44:52.320755","79.7478668764"
BROOKLYN,10,DPR,"3+07:37:13.950000","79.6205416667"
BROOKLYN,15,DCA,"3+07:17:26.500000","79.2906944444"
MANHATTAN,14,TLC,"3+07:07:45.777778","79.1293827161"
BROOKLYN,12,DPR,"3+07:05:52.812500","79.0980034722"
QUEENS,11,DPR,"3+07:03:27.279070","79.0575775194"
Unspecified,10,DCA,"3+06:58:47.285714","78.9798015872"
"STATEN ISLAND",10,FDNY,"3+06:55:07.000000","78.9186111111"
MANHATTAN,4,TLC,"3+06:40:48.384615","78.6801068375"
BROOKLYN,8,DSNY,"3+06:40:46.956522","78.6797101450"
"STATEN ISLAND",15,DOT,"3+06:09:25.000000","78.1569444444"
"STATEN ISLAND",1,DOT,"3+06:07:46.615385","78.1296153847"
MANHATTAN,13,DPR,"3+06:01:08.000000","78.0188888889"
BROOKLYN,8,DOHMH,"3+05:57:35.666667","77.9599074075"
"STATEN ISLAND",1,HPD,"3+05:48:00.000000","77.8000000000"
BROOKLYN,14,DOHMH,"3+05:42:25.000000","77.7069444444"
BROOKLYN,1,DOT,"3+05:39:46.571429","77.6629365081"
MANHATTAN,16,FDNY,"3+05:33:27.000000","77.5575000000"
MANHATTAN,3,DOT,"3+05:23:56.505263","77.3990292397"
MANHATTAN,9,DCA,"3+05:16:02.000000","77.2672222222"
"STATEN ISLAND",15,DPR,"3+04:39:37.500000","76.6604166667"
BROOKLYN,5,DPR,"3+04:21:00.322581","76.3500896058"
BRONX,8,DPR,"3+04:17:35.000000","76.2930555556"
MANHATTAN,6,DOT,"3+04:11:17.453704","76.1881815844"
QUEENS,17,HPD,"3+04:05:51.219512","76.0975609756"
QUEENS,1,DOF,"3+04:04:29.000000","76.0747222222"
BROOKLYN,6,HPD,"3+03:47:22.105263","75.7894736842"
QUEENS,8,HPD,"3+03:37:40.465116","75.6279069767"
Unspecified,1,DOT,"3+03:30:59.500000","75.5165277778"
MANHATTAN,2,HPD,"3+03:15:42.489270","75.2618025750"
QUEENS,10,DOT,"3+02:54:09.396396","74.9026101100"
BROOKLYN,10,HPD,"3+02:49:56.273292","74.8322981367"
BROOKLYN,8,DOT,"3+02:39:01.103896","74.6503066378"
BROOKLYN,3,DSNY,"3+02:33:48.750000","74.5635416667"
Unspecified,10,OEM,"3+01:51:25.000000","73.8569444444"
BROOKLYN,7,DOT,"3+01:37:20.031579","73.6222309942"
QUEENS,5,FDNY,"3+01:33:50.333333","73.5639814814"
BRONX,17,DOE,"3+01:24:43.000000","73.4119444444"
BROOKLYN,1,DOF,"3+01:21:37.500000","73.3604166667"
BRONX,10,DOE,"3+01:17:24.000000","73.2900000000"
BROOKLYN,8,HPD,"3+01:11:38.507463","73.1940298508"
MANHATTAN,10,FDNY,"3+01:02:31.187500","73.0419965278"
MANHATTAN,5,DOT,"3+00:50:19.049587","72.8386248853"
"STATEN ISLAND",7,DCA,"3+00:48:32.000000","72.8088888889"
BROOKLYN,16,HPD,"3+00:44:46.010363","72.7461139897"
MANHATTAN,10,HPD,"3+00:42:46.336634","72.7128712872"
QUEENS,14,DCA,"3+00:39:40.333333","72.6612037036"
BRONX,9,DCA,"3+00:29:02.500000","72.4840277778"
QUEENS,3,HPD,"3+00:26:20.487805","72.4390243903"
MANHATTAN,10,DOT,"3+00:22:00.234783","72.3667318842"
"STATEN ISLAND",1,DSNY,"3+00:16:42.000000","72.2783333333"
BRONX,4,DPR,"3+00:14:44.500000","72.2456944444"
"STATEN ISLAND",13,HPD,"3+00:00:00.000000","72.0000000000"
"STATEN ISLAND",14,HPD,"3+00:00:00.000000","72.0000000000"
BRONX,1,DSNY,"2+23:59:12.000000","71.9866666667"
BROOKLYN,10,FDNY,"2+23:52:20.666667","71.8724074075"
MANHATTAN,7,DCA,"2+23:35:32.000000","71.5922222222"
BROOKLYN,15,HPD,"2+23:30:14.876033","71.5041322314"
BROOKLYN,9,DPR,"2+23:28:13.125000","71.4703125000"
QUEENS,14,DOF,"2+23:24:03.111111","71.4008641975"
BRONX,11,DPR,"2+22:43:26.000000","70.7238888889"
BROOKLYN,17,TLC,"2+22:41:51.000000","70.6975000000"
QUEENS,2,HPD,"2+22:39:16.834532","70.6546762589"
MANHATTAN,8,DOT,"2+22:34:25.350000","70.5737083333"
MANHATTAN,14,DCA,"2+22:30:52.250000","70.5145138889"
QUEENS,14,DOE,"2+21:48:28.000000","69.8077777778"
BROOKLYN,11,HPD,"2+21:45:45.762712","69.7627118644"
BRONX,14,DCA,"2+21:41:30.000000","69.6916666667"
Unspecified,3,OEM,"2+21:38:59.000000","69.6497222222"
MANHATTAN,9,DOHMH,"2+21:38:36.000000","69.6433333333"
BRONX,15,DCA,"2+21:36:14.333333","69.6039814814"
MANHATTAN,15,DCA,"2+21:28:08.666667","69.4690740742"
BROOKLYN,14,DOF,"2+21:27:46.600000","69.4629444444"
BROOKLYN,2,HPD,"2+21:17:02.356495","69.2839879153"
"STATEN ISLAND",8,DSNY,"2+21:06:35.454545","69.1098484847"
QUEENS,9,DCA,"2+20:56:40.000000","68.9444444444"
BROOKLYN,1,HPD,"2+20:55:53.846154","68.9316239317"
BRONX,1,HPD,"2+20:48:05.106383","68.8014184397"
"STATEN ISLAND",17,HPD,"2+20:48:00.000000","68.8000000000"
QUEENS,11,DOT,"2+20:39:43.181818","68.6619949494"
BROOKLYN,9,HPD,"2+20:36:42.352941","68.6117647058"
MANHATTAN,15,HPD,"2+20:25:18.545455","68.4218181819"
QUEENS,14,DSNY,"2+20:22:35.064935","68.3764069264"
QUEENS,7,HPD,"2+20:21:15.949367","68.3544303797"
QUEENS,15,DCA,"2+20:19:44.200000","68.3289444444"
QUEENS,18,DOHMH,"2+20:19:14.000000","68.3205555556"
QUEENS,1,DSNY,"2+20:01:12.000000","68.0200000000"
QUEENS,3,DSNY,"2+19:52:28.831169","67.8746753247"
BROOKLYN,14,DCA,"2+19:50:47.428571","67.8465079364"
MANHATTAN,12,HPD,"2+19:45:52.941176","67.7647058822"
MANHATTAN,9,TLC,"2+19:42:06.909091","67.7019191919"
Unspecified,2,DOT,"2+19:30:48.000000","67.5133333333"
BRONX,14,DOF,"2+19:23:27.000000","67.3908333333"
BRONX,8,HPD,"2+19:19:52.705167","67.3313069908"
"STATEN ISLAND",15,DCA,"2+19:09:28.000000","67.1577777778"
MANHATTAN,4,DOHMH,"2+19:05:52.500000","67.0979166667"
MANHATTAN,2,TLC,"2+18:56:03.000000","66.9341666667"
BROOKLYN,5,DSNY,"2+18:52:36.521739","66.8768115942"
BRONX,2,HPD,"2+18:41:52.000000","66.6977777778"
BROOKLYN,14,DPR,"2+18:30:56.400000","66.5156666667"
Unspecified,15,DCA,"2+18:06:53.666667","66.1149074075"
BRONX,15,HPD,"2+17:48:17.896750","65.8049713194"
BROOKLYN,8,DOB,"2+17:43:33.714286","65.7260317461"
QUEENS,9,HPD,"2+17:42:17.704918","65.7049180328"
"STATEN ISLAND",10,DSNY,"2+17:35:10.588235","65.5862745097"
BROOKLYN,17,HPD,"2+17:34:35.912409","65.5766423358"
MANHATTAN,12,DOHMH,"2+17:31:01.000000","65.5169444444"
MANHATTAN,7,HPD,"2+17:27:16.363636","65.4545454544"
BROOKLYN,3,DOT,"2+17:19:35.176056","65.3264377933"
QUEENS,16,TLC,"2+17:19:25.500000","65.3237500000"
MANHATTAN,4,DOT,"2+17:13:58.482759","65.2329118775"
MANHATTAN,14,DOF,"2+17:10:50.800000","65.1807777778"
BRONX,13,DPR,"2+16:59:38.500000","64.9940277778"
MANHATTAN,1,DSNY,"2+16:51:48.000000","64.8633333333"
MANHATTAN,10,DPR,"2+16:40:21.200000","64.6725555556"
QUEENS,12,HPD,"2+16:14:07.058824","64.2352941178"
QUEENS,6,HPD,"2+16:08:43.636364","64.1454545456"
"STATEN ISLAND",8,HPD,"2+16:00:00.000000","64.0000000000"
BROOKLYN,15,DSNY,"2+15:52:30.000000","63.8750000000"
QUEENS,9,DOT,"2+15:51:37.314286","63.8603650794"
BRONX,10,HPD,"2+15:46:58.983051","63.7830508475"
BROOKLYN,10,DOT,"2+15:43:37.878049","63.7271883469"
Unspecified,13,DOT,"2+15:39:05.142857","63.6514285714"
QUEENS,13,TLC,"2+15:37:07.166667","63.6186574075"
BROOKLYN,12,TLC,"2+15:30:20.000000","63.5055555556"
QUEENS,10,HPD,"2+15:25:42.857143","63.4285714286"
QUEENS,14,DOHMH,"2+15:23:31.000000","63.3919444444"
MANHATTAN,2,FDNY,"2+15:23:09.000000","63.3858333333"
MANHATTAN,6,HPD,"2+15:04:27.768595","63.0743801653"
BROOKLYN,4,HPD,"2+14:57:39.740260","62.9610389611"
QUEENS,13,HPD,"2+14:26:56.326531","62.4489795919"
BROOKLYN,9,DOT,"2+14:16:04.319149","62.2678664303"
BROOKLYN,11,DSNY,"2+14:14:45.384615","62.2459401708"
BRONX,3,HPD,"2+14:10:43.902439","62.1788617886"
"STATEN ISLAND",14,DOT,"2+14:07:07.333333","62.1187037036"
BROOKLYN,3,HPD,"2+14:04:48.000000","62.0800000000"
"STATEN ISLAND",10,DOT,"2+13:22:39.352941","61.3775980392"
BRONX,9,HPD,"2+13:10:35.294118","61.1764705883"
MANHATTAN,6,DSNY,"2+13:09:24.615385","61.1568376069"
"STATEN ISLAND",18,DOB,"2+13:04:44.000000","61.0788888889"
MANHATTAN,11,HPD,"2+13:02:13.333333","61.0370370369"
BROOKLYN,12,HPD,"2+13:01:59.205298","61.0331125828"
QUEENS,13,DCA,"2+12:58:33.000000","60.9758333333"
"STATEN ISLAND",2,DSNY,"2+12:56:12.000000","60.9366666667"
MANHATTAN,15,TLC,"2+12:52:43.500000","60.8787500000"
MANHATTAN,15,DPR,"2+12:44:32.833333","60.7424537036"
BRONX,18,TLC,"2+12:08:05.000000","60.1347222222"
QUEENS,15,DPR,"2+11:57:23.800000","59.9566111111"
Unspecified,7,DOF,"2+11:57:09.918182","59.9527550506"
Unspecified,15,DOT,"2+11:56:20.600000","59.9390555556"
QUEENS,16,HPD,"2+11:52:25.263158","59.8736842106"
MANHATTAN,16,HPD,"2+11:52:15.483871","59.8709677419"
BRONX,11,DCA,"2+11:36:02.666667","59.6007407408"
BROOKLYN,12,DSNY,"2+11:30:08.155340","59.5022653722"
MANHATTAN,1,HPD,"2+11:29:02.857143","59.4841269842"
QUEENS,15,DOHMH,"2+11:17:59.000000","59.2997222222"
QUEENS,4,HPD,"2+10:54:32.727273","58.9090909092"
BROOKLYN,4,DOHMH,"2+10:53:11.666667","58.8865740742"
BROOKLYN,4,FDNY,"2+10:47:59.666667","58.7999074075"
BROOKLYN,17,FDNY,"2+10:47:26.000000","58.7905555556"
MANHATTAN,3,DSNY,"2+10:31:40.384615","58.5278846153"
MANHATTAN,3,HPD,"2+10:23:44.598930","58.3957219250"
Unspecified,14,DOF,"2+10:11:39.638554","58.1943440428"
BROOKLYN,7,HPD,"2+10:10:10.169492","58.1694915256"
BROOKLYN,9,TLC,"2+09:50:30.000000","57.8416666667"
BROOKLYN,10,DOHMH,"2+09:50:06.750000","57.8352083333"
BROOKLYN,4,DSNY,"2+09:45:38.181818","57.7606060606"
MANHATTAN,17,HPD,"2+09:33:59.160839","57.5664335664"
QUEENS,14,DOB,"2+09:27:17.000000","57.4547222222"
MANHATTAN,13,HPD,"2+09:17:13.043478","57.2869565217"
MANHATTAN,9,DOT,"2+09:07:44.777778","57.1291049383"
MANHATTAN,12,TLC,"2+09:01:46.142857","57.0294841269"
Unspecified,4,TLC,"2+08:49:19.000000","56.8219444444"
MANHATTAN,1,DOB,"2+08:46:16.666667","56.7712962964"
MANHATTAN,10,DOHMH,"2+08:45:36.666667","56.7601851853"
MANHATTAN,4,HPD,"2+08:42:00.000000","56.7000000000"
QUEENS,5,DSNY,"2+08:38:35.625000","56.6432291667"
BROOKLYN,5,HPD,"2+08:37:16.893204","56.6213592233"
"STATEN ISLAND",16,DOB,"2+08:31:07.000000","56.5186111111"
"STATEN ISLAND",16,HPD,"2+08:28:14.117647","56.4705882353"
MANHATTAN,17,FDNY,"2+08:06:29.181818","56.1081060606"
QUEENS,11,FDNY,"2+07:57:05.000000","55.9513888889"
MANHATTAN,5,FDNY,"2+07:55:41.727273","55.9282575758"
MANHATTAN,8,DSNY,"2+07:51:25.500000","55.8570833333"
BRONX,15,DPR,"2+07:51:25.333333","55.8570370369"
MANHATTAN,14,HPD,"2+07:45:13.846154","55.7538461539"
MANHATTAN,9,HPD,"2+07:37:08.571429","55.6190476192"
QUEENS,11,HPD,"2+07:28:00.000000","55.4666666667"
BRONX,12,DOE,"2+07:16:58.000000","55.2827777778"
MANHATTAN,10,DSNY,"2+07:08:55.102041","55.1486394558"
MANHATTAN,7,DOT,"2+07:05:20.162791","55.0889341086"
MANHATTAN,8,HPD,"2+06:53:37.021277","54.8936170214"
"STATEN ISLAND",9,HPD,"2+06:51:25.714286","54.8571428572"
BROOKLYN,14,DSNY,"2+06:45:50.625000","54.7640625000"
"STATEN ISLAND",10,DCA,"2+06:43:15.000000","54.7208333333"
BRONX,16,HPD,"2+06:28:11.803279","54.4699453553"
"STATEN ISLAND",8,DPR,"2+06:19:26.000000","54.3238888889"
BRONX,3,DOT,"2+06:15:50.351351","54.2639864864"
BRONX,4,HPD,"2+06:14:24.000000","54.2400000000"
MANHATTAN,19,DOHMH,"2+06:08:31.000000","54.1419444444"
QUEENS,17,TLC,"2+06:03:21.833333","54.0560648147"
BRONX,2,DPR,"2+05:53:06.440000","53.8851222222"
BROOKLYN,17,DPR,"2+05:50:36.125000","53.8433680556"
BROOKLYN,2,DSNY,"2+05:41:43.928571","53.6955357142"
Unspecified,16,DOT,"2+05:35:51.666667","53.5976851853"
MANHATTAN,4,FDNY,"2+05:35:31.043478","53.5919565217"
BRONX,7,HPD,"2+05:34:44.210526","53.5789473683"
Unspecified,5,DPR,"2+05:26:27.000000","53.4408333333"
BROOKLYN,11,FDNY,"2+05:24:57.000000","53.4158333333"
BRONX,16,TLC,"2+05:24:51.000000","53.4141666667"
"STATEN ISLAND",3,DOT,"2+05:22:12.333333","53.3700925925"
QUEENS,8,DSNY,"2+05:19:06.666667","53.3185185186"
BROOKLYN,9,DSNY,"2+05:14:13.521127","53.2370892019"
BRONX,10,DSNY,"2+05:11:22.325581","53.1895348836"
BRONX,13,HPD,"2+05:07:35.954631","53.1266540642"
BRONX,14,DSNY,"2+05:04:01.935484","53.0672043011"
MANHATTAN,5,DSNY,"2+04:59:54.000000","52.9983333333"
BRONX,18,FDNY,"2+04:38:09.000000","52.6358333333"
QUEENS,18,HPD,"2+04:36:16.744186","52.6046511628"
MANHATTAN,3,FDNY,"2+04:22:16.772727","52.3713257575"
BRONX,3,DPR,"2+04:20:55.125000","52.3486458333"
"STATEN ISLAND",3,DSNY,"2+04:16:48.000000","52.2800000000"
"STATEN ISLAND",18,HPD,"2+04:10:26.086957","52.1739130436"
Unspecified,3,DOT,"2+04:06:59.200000","52.1164444444"
QUEENS,15,DOT,"2+03:47:59.203390","51.7997787194"
BROOKLYN,16,DCA,"2+03:47:24.500000","51.7901388889"
BROOKLYN,13,HPD,"2+03:46:24.905660","51.7735849056"
BROOKLYN,11,DOT,"2+03:35:27.950617","51.5910973936"
BRONX,14,HPD,"2+03:28:08.495575","51.4690265486"
"STATEN ISLAND",6,DOT,"2+03:26:25.368421","51.4403801169"
BROOKLYN,18,HPD,"2+03:25:42.857143","51.4285714286"
BRONX,15,DSNY,"2+03:22:42.500000","51.3784722222"
QUEENS,7,DSNY,"2+03:11:36.986301","51.1936073058"
BRONX,7,DOT,"2+03:09:23.514286","51.1565317461"
MANHATTAN,15,DOF,"2+02:55:16.000000","50.9211111111"
BRONX,10,DCA,"2+02:29:01.500000","50.4837500000"
MANHATTAN,11,FDNY,"2+02:26:15.619048","50.4376719578"
BROOKLYN,13,DSNY,"2+02:26:06.000000","50.4350000000"
QUEENS,10,FDNY,"2+02:16:08.000000","50.2688888889"
QUEENS,16,DPR,"2+02:09:33.909091","50.1594191919"
BROOKLYN,4,TLC,"2+02:01:00.666667","50.0168518519"
"STATEN ISLAND",16,DSNY,"2+01:54:46.666667","49.9129629631"
MANHATTAN,3,DOF,"2+01:43:32.619048","49.7257275133"
QUEENS,9,DSNY,"2+01:29:37.142857","49.4936507936"
BRONX,11,FDNY,"2+01:29:25.000000","49.4902777778"
QUEENS,4,DOT,"2+01:23:11.086957","49.3864130436"
BRONX,4,DOT,"2+01:21:35.563380","49.3598787167"
MANHATTAN,6,DOF,"2+01:20:51.500000","49.3476388889"
BROOKLYN,7,DSNY,"2+01:19:33.934426","49.3260928961"
QUEENS,10,DSNY,"2+01:07:30.410959","49.1251141553"
QUEENS,19,DOHMH,"2+00:56:32.000000","48.9422222222"
"STATEN ISLAND",13,DOT,"2+00:50:36.125000","48.8433680556"
BROOKLYN,11,DCA,"2+00:39:37.800000","48.6605000000"
QUEENS,10,DCA,"2+00:37:55.500000","48.6320833333"
BROOKLYN,10,DCA,"2+00:33:25.571429","48.5571031747"
BRONX,11,HPD,"2+00:30:18.947368","48.5052631578"
BRONX,8,DSNY,"2+00:26:46.363636","48.4462121211"
Unspecified,5,DSNY,"2+00:26:00.000000","48.4333333333"
BRONX,17,HPD,"2+00:24:06.025105","48.4016736403"
BROOKLYN,13,DCA,"2+00:23:15.333333","48.3875925925"
QUEENS,15,HPD,"2+00:18:42.077922","48.3116883117"
QUEENS,16,DCA,"2+00:09:18.000000","48.1550000000"
Unspecified,11,OEM,"2+00:03:01.500000","48.0504166667"
BRONX,8,DOT,"2+00:02:34.894737","48.0430263158"
BRONX,17,DOHMH,"2+00:00:00.000000","48.0000000000"
BROOKLYN,16,DOHMH,"2+00:00:00.000000","48.0000000000"
"STATEN ISLAND",10,DOHMH,"2+00:00:00.000000","48.0000000000"
"STATEN ISLAND",4,HPD,"2+00:00:00.000000","48.0000000000"
"STATEN ISLAND",5,HPD,"2+00:00:00.000000","48.0000000000"
MANHATTAN,16,DCA,"1+23:44:50.000000","47.7472222222"
"STATEN ISLAND",11,DOT,"1+23:38:20.400000","47.6390000000"
BRONX,11,DOF,"1+23:34:46.400000","47.5795555556"
BROOKLYN,12,DOT,"1+23:28:30.123967","47.4750344353"
BRONX,4,DOF,"1+23:26:45.833333","47.4460648147"
QUEENS,12,DSNY,"1+23:26:02.142857","47.4339285714"
BRONX,16,DCA,"1+23:25:12.000000","47.4200000000"
QUEENS,11,DCA,"1+23:22:17.750000","47.3715972222"
QUEENS,6,DOT,"1+23:07:16.156250","47.1211545139"
QUEENS,15,DOF,"1+23:02:00.000000","47.0333333333"
"STATEN ISLAND",12,DSNY,"1+22:54:00.000000","46.9000000000"
BRONX,6,HPD,"1+22:51:03.829787","46.8510638297"
BROOKLYN,14,TLC,"1+22:46:20.000000","46.7722222222"
BROOKLYN,1,DOB,"1+22:32:27.272727","46.5409090908"
BROOKLYN,14,HPD,"1+22:18:56.842105","46.3157894736"
BRONX,3,DSNY,"1+22:10:43.636364","46.1787878789"
MANHATTAN,7,DOF,"1+22:10:34.000000","46.1761111111"
BROOKLYN,5,FDNY,"1+22:09:32.000000","46.1588888889"
MANHATTAN,11,DPR,"1+22:08:18.125000","46.1383680556"
MANHATTAN,18,HPD,"1+22:02:04.137931","46.0344827586"
BROOKLYN,2,DOB,"1+22:00:28.000000","46.0077777778"
MANHATTAN,10,DCA,"1+21:52:32.800000","45.8757777778"
BROOKLYN,4,DOT,"1+21:50:51.037500","45.8475104167"
BRONX,16,DPR,"1+21:45:27.000000","45.7575000000"
BRONX,7,DOF,"1+21:38:40.500000","45.6445833333"
"STATEN ISLAND",18,DOF,"1+21:36:13.000000","45.6036111111"
BRONX,16,DOHMH,"1+21:34:34.000000","45.5761111111"
QUEENS,4,DOF,"1+21:33:57.111111","45.5658641975"
BROOKLYN,11,DOF,"1+21:31:34.571429","45.5262698414"
"STATEN ISLAND",2,DPR,"1+21:29:53.769231","45.4982692308"
"STATEN ISLAND",11,DSNY,"1+21:28:57.600000","45.4826666667"
"STATEN ISLAND",3,DOF,"1+21:25:00.333333","45.4167592592"
BROOKLYN,11,TLC,"1+21:18:37.000000","45.3102777778"
MANHATTAN,5,HPD,"1+21:07:12.000000","45.1200000000"
BRONX,9,DSNY,"1+21:07:11.428571","45.1198412697"
QUEENS,11,DOF,"1+20:54:37.333333","44.9103703703"
"STATEN ISLAND",16,DEP,"1+20:49:36.315789","44.8267543858"
BROOKLYN,2,DOT,"1+20:46:55.500000","44.7820833333"
BROOKLYN,2,DOF,"1+20:39:12.000000","44.6533333333"
MANHATTAN,8,DOF,"1+20:36:22.000000","44.6061111111"
QUEENS,11,DSNY,"1+20:32:33.442623","44.5426229508"
Unspecified,10,DOE,"1+20:15:02.000000","44.2505555556"
"STATEN ISLAND",13,DSNY,"1+20:11:02.307692","44.1839743589"
BRONX,14,DOB,"1+20:02:14.153846","44.0372649572"
BRONX,18,HPD,"1+19:41:44.347826","43.6956521739"
BRONX,8,DOB,"1+19:36:16.750000","43.6046527778"
BROOKLYN,16,DSNY,"1+19:31:48.196721","43.5300546447"
MANHATTAN,10,DOF,"1+19:28:13.178571","43.4703273808"
MANHATTAN,11,DOT,"1+19:25:04.138211","43.4178161697"
MANHATTAN,2,DOT,"1+19:07:53.181818","43.1314393939"
"STATEN ISLAND",19,DCA,"1+19:07:04.333333","43.1178703703"
MANHATTAN,4,DOF,"1+19:00:42.076923","43.0116880342"
QUEENS,3,FDNY,"1+19:00:24.333333","43.0067592592"
QUEENS,5,DOT,"1+18:57:41.362573","42.9614896036"
BROOKLYN,5,DOT,"1+18:51:26.976852","42.8574935700"
BRONX,12,HPD,"1+18:51:25.714286","42.8571428572"
BROOKLYN,10,DOF,"1+18:49:30.578947","42.8251608186"
BROOKLYN,7,DOF,"1+18:38:02.500000","42.6340277778"
QUEENS,8,DOB,"1+18:35:56.812500","42.5991145833"
BROOKLYN,8,DOF,"1+18:28:06.000000","42.4683333333"
Unspecified,15,DOF,"1+18:27:53.153846","42.4647649572"
BROOKLYN,9,DOB,"1+18:18:37.466667","42.3104074075"
BROOKLYN,13,TLC,"1+18:14:17.000000","42.2380555556"
MANHATTAN,1,DEP,"1+18:08:44.000000","42.1455555556"
QUEENS,6,DSNY,"1+18:03:44.827586","42.0624521072"
"STATEN ISLAND",6,HPD,"1+18:00:00.000000","42.0000000000"
BROOKLYN,6,DOT,"1+17:52:31.588832","41.8754413422"
MANHATTAN,2,DOF,"1+17:51:55.000000","41.8652777778"
QUEENS,4,DSNY,"1+17:30:30.000000","41.5083333333"
BROOKLYN,18,DCA,"1+17:23:14.000000","41.3872222222"
QUEENS,10,DOHMH,"1+17:21:43.750000","41.3621527778"
"STATEN ISLAND",15,DSNY,"1+17:19:55.714286","41.3321428572"
"STATEN ISLAND",19,HPD,"1+17:16:48.000000","41.2800000000"
MANHATTAN,5,TLC,"1+17:16:24.333333","41.2734259258"
BROOKLYN,18,TLC,"1+17:15:20.000000","41.2555555556"
BRONX,5,HPD,"1+17:04:00.000000","41.0666666667"
BROOKLYN,11,DPR,"1+16:51:48.533333","40.8634814814"
QUEENS,7,DOT,"1+16:46:35.083871","40.7764121864"
Unspecified,1,DOF,"1+16:46:14.133333","40.7705925925"
BROOKLYN,15,DOB,"1+16:43:26.928571","40.7241468253"
BROOKLYN,5,TLC,"1+16:39:59.166667","40.6664351853"
MANHATTAN,2,DSNY,"1+16:39:33.333333","40.6592592592"
QUEENS,14,HPD,"1+16:36:55.384615","40.6153846153"
"STATEN ISLAND",14,DSNY,"1+16:32:50.454545","40.5473484847"
QUEENS,17,FDNY,"1+16:25:26.333333","40.4239814814"
BROOKLYN,3,DOB,"1+16:19:58.219512","40.3328387533"
BROOKLYN,4,DOF,"1+16:17:46.125000","40.2961458333"
"STATEN ISLAND",14,DOB,"1+16:10:45.000000","40.1791666667"
QUEENS,3,DOF,"1+16:03:00.470588","40.0501307189"
QUEENS,17,DOHMH,"1+16:00:00.000000","40.0000000000"
Unspecified,10,DOT,"1+15:57:25.600000","39.9571111111"
MANHATTAN,14,DOT,"1+15:57:17.710000","39.9549194444"
MANHATTAN,11,DOF,"1+15:51:49.250000","39.8636805556"
BROOKLYN,19,DOF,"1+15:46:52.000000","39.7811111111"
QUEENS,19,DOF,"1+15:39:40.200000","39.6611666667"
QUEENS,19,HPD,"1+15:39:39.661017","39.6610169492"
Unspecified,18,DOF,"1+15:33:57.011628","39.5658365633"
Unspecified,10,DOF,"1+15:26:22.187970","39.4394966583"
Unspecified,17,DCA,"1+15:24:06.583333","39.4018287036"
"STATEN ISLAND",16,DOT,"1+15:18:11.875000","39.3032986111"
"STATEN ISLAND",7,DOT,"1+15:09:20.954545","39.1558207069"
Unspecified,15,DSNY,"1+15:06:00.000000","39.1000000000"
MANHATTAN,3,DOE,"1+15:01:44.000000","39.0288888889"
BRONX,18,DCA,"1+15:01:25.000000","39.0236111111"
BROOKLYN,18,DOHMH,"1+15:00:42.200000","39.0117222222"
"STATEN ISLAND",17,DSNY,"1+14:52:34.285714","38.8761904761"
MANHATTAN,15,DOT,"1+14:41:46.088435","38.6961356764"
BRONX,10,DOT,"1+14:38:29.446809","38.6415130025"
Unspecified,3,DOF,"1+14:33:21.127660","38.5558687944"
MANHATTAN,16,TLC,"1+14:31:20.066667","38.5222407408"
BRONX,3,DOF,"1+14:30:17.307692","38.5048076922"
MANHATTAN,18,DPR,"1+14:29:39.333333","38.4942592592"
"STATEN ISLAND",13,DOB,"1+14:21:37.400000","38.3603888889"
BROOKLYN,18,DOF,"1+14:18:58.800000","38.3163333333"
Unspecified,8,DOF,"1+14:18:28.111111","38.3078086419"
QUEENS,1,DOB,"1+14:16:47.750000","38.2799305556"
MANHATTAN,2,DOB,"1+14:16:02.545455","38.2673737375"
BROOKLYN,3,DOF,"1+14:15:39.875000","38.2610763889"
QUEENS,17,DPR,"1+14:13:13.227273","38.2203409092"
BROOKLYN,16,DOB,"1+14:12:15.500000","38.2043055556"
"STATEN ISLAND",18,DPR,"1+14:07:30.000000","38.1250000000"
BRONX,19,DOF,"1+14:07:14.900000","38.1208055556"
MANHATTAN,18,DCA,"1+14:05:27.666667","38.0910185186"
"STATEN ISLAND",5,DOT,"1+13:55:19.586207","37.9221072797"
QUEENS,18,FDNY,"1+13:50:29.666667","37.8415740742"
"STATEN ISLAND",9,DOT,"1+13:43:14.300000","37.7206388889"
BROOKLYN,16,DPR,"1+13:26:23.666667","37.4399074075"
BROOKLYN,11,DOB,"1+13:13:47.882353","37.2299673203"
QUEENS,10,DOF,"1+13:10:29.133333","37.1747592592"
BRONX,5,DOT,"1+13:10:24.880000","37.1735777778"
MANHATTAN,19,DOF,"1+13:07:54.000000","37.1316666667"
BROOKLYN,17,DOHMH,"1+13:05:27.272727","37.0909090908"
"STATEN ISLAND",2,DEP,"1+13:02:18.000000","37.0383333333"
MANHATTAN,18,DOF,"1+12:45:42.214286","36.7617261906"
QUEENS,18,DPR,"1+12:43:24.071429","36.7233531747"
QUEENS,16,DSNY,"1+12:37:43.846154","36.6288461539"
"STATEN ISLAND",18,DCA,"1+12:25:45.000000","36.4291666667"
BRONX,12,DSNY,"1+12:21:18.461538","36.3551282050"
BRONX,11,DOT,"1+12:15:31.857143","36.2588492064"
QUEENS,15,DSNY,"1+12:11:32.608696","36.1923913044"
BRONX,7,DOB,"1+12:03:42.428571","36.0617857142"
"STATEN ISLAND",19,DPR,"1+12:01:44.000000","36.0288888889"
"STATEN ISLAND",7,HPD,"1+12:00:00.000000","36.0000000000"
"STATEN ISLAND",4,DSNY,"1+11:58:04.000000","35.9677777778"
MANHATTAN,5,DOF,"1+11:56:56.937500","35.9491493056"
Unspecified,5,DFTA,"1+11:47:29.000000","35.7913888889"
BRONX,5,DOF,"1+11:44:08.625000","35.7357291667"
BROOKLYN,7,DOB,"1+11:43:53.321429","35.7314781747"
QUEENS,12,DOT,"1+11:32:27.290780","35.5409141056"
BROOKLYN,18,DSNY,"1+11:30:53.225806","35.5147849461"
QUEENS,18,DOF,"1+11:28:32.500000","35.4756944444"
Unspecified,11,DOT,"1+11:16:14.000000","35.2705555556"
BRONX,18,DOF,"1+11:07:59.250000","35.1331250000"
MANHATTAN,19,DCA,"1+10:59:59.857143","34.9999603175"
"STATEN ISLAND",4,DOT,"1+10:52:41.047619","34.8780687831"
BROOKLYN,17,DCA,"1+10:48:03.166667","34.8008796297"
BRONX,10,DPR,"1+10:47:29.000000","34.7913888889"
"STATEN ISLAND",10,DOF,"1+10:45:23.500000","34.7565277778"
MANHATTAN,13,DCA,"1+10:43:50.500000","34.7306944444"
MANHATTAN,2,DEP,"1+10:39:25.500000","34.6570833333"
MANHATTAN,15,DOB,"1+10:34:54.500000","34.5818055556"
MANHATTAN,12,FDNY,"1+10:28:15.500000","34.4709722222"
MANHATTAN,4,DSNY,"1+10:24:00.000000","34.4000000000"
MANHATTAN,8,DOB,"1+10:23:26.500000","34.3906944444"
QUEENS,18,DCA,"1+10:21:47.000000","34.3630555556"
BRONX,3,DOB,"1+10:13:49.764706","34.2304901961"
QUEENS,5,HPD,"1+10:06:18.947368","34.1052631578"
BRONX,6,DOT,"1+10:03:49.245614","34.0636793372"
BROOKLYN,7,DOHMH,"1+10:00:07.200000","34.0020000000"
MANHATTAN,18,TLC,"1+09:55:55.294118","33.9320261439"
BRONX,10,DOF,"1+09:54:42.625000","33.9118402778"
BROOKLYN,15,DOT,"1+09:50:43.802632","33.8455007311"
BRONX,1,DOB,"1+09:43:01.000000","33.7169444444"
"STATEN ISLAND",7,DSNY,"1+09:41:53.684211","33.6982456142"
BRONX,15,DOT,"1+09:38:33.562500","33.6426562500"
MANHATTAN,14,DSNY,"1+09:37:37.611940","33.6271144278"
QUEENS,12,DCA,"1+09:34:44.142857","33.5789285714"
QUEENS,5,DOF,"1+09:31:29.666667","33.5249074075"
MANHATTAN,18,FDNY,"1+09:27:39.392857","33.4609424603"
"STATEN ISLAND",11,DOB,"1+09:25:14.000000","33.4205555556"
QUEENS,3,DOB,"1+09:19:06.818182","33.3185606061"
QUEENS,15,DOB,"1+09:10:03.666667","33.1676851853"
MANHATTAN,3,DOB,"1+09:08:49.645161","33.1471236558"
BROOKLYN,17,DSNY,"1+09:06:49.787234","33.1138297872"
"STATEN ISLAND",15,DEP,"1+08:50:12.000000","32.8366666667"
BROOKLYN,14,DOB,"1+08:47:11.756757","32.7865990992"
MANHATTAN,11,DCA,"1+08:46:14.000000","32.7705555556"
BROOKLYN,19,HPD,"1+08:32:46.829268","32.5463414633"
MANHATTAN,14,DEP,"1+08:32:25.909091","32.5405303031"
QUEENS,13,DOB,"1+08:27:46.375000","32.4628819444"
BRONX,13,DOB,"1+08:22:15.777778","32.3710493828"
QUEENS,12,DOHMH,"1+08:11:05.000000","32.1847222222"
BROOKLYN,17,DOB,"1+08:04:10.583333","32.0696064814"
BRONX,17,DOB,"1+07:55:02.235294","31.9172875817"
QUEENS,7,DOB,"1+07:54:04.081081","31.9011336336"
BRONX,5,DSNY,"1+07:49:35.172414","31.8264367817"
QUEENS,9,TLC,"1+07:43:21.000000","31.7225000000"
"STATEN ISLAND",2,DOT,"1+07:03:53.100000","31.0647500000"
MANHATTAN,17,DPR,"1+06:50:41.500000","30.8448611111"
BROOKLYN,5,DOF,"1+06:45:56.600000","30.7657222222"
Unspecified,7,DOT,"1+06:40:50.100000","30.6805833333"
Unspecified,8,DOT,"1+06:38:14.666667","30.6374074075"
MANHATTAN,9,DSNY,"1+06:27:13.125000","30.4536458333"
BROOKLYN,19,DCA,"1+06:25:58.500000","30.4329166667"
"STATEN ISLAND",4,DEP,"1+06:16:47.368421","30.2798245614"
QUEENS,4,FDNY,"1+06:11:24.666667","30.1901851853"
BROOKLYN,13,DOT,"1+06:11:06.687943","30.1851910953"
BRONX,15,DEP,"1+06:05:20.000000","30.0888888889"
MANHATTAN,19,HPD,"1+05:52:56.470588","29.8823529411"
QUEENS,13,DSNY,"1+05:50:06.451613","29.8351254481"
BRONX,19,HPD,"1+05:49:53.057851","29.8314049586"
QUEENS,18,DSNY,"1+05:48:31.875000","29.8088541667"
MANHATTAN,15,DSNY,"1+05:40:04.137931","29.6678160919"
"STATEN ISLAND",5,DOF,"1+05:39:45.500000","29.6626388889"
MANHATTAN,7,DSNY,"1+05:37:17.647059","29.6215686275"
BROOKLYN,10,DOB,"1+05:34:39.380952","29.5776058200"
"STATEN ISLAND",17,DOT,"1+05:29:39.473684","29.4942982456"
BROOKLYN,14,DOT,"1+05:28:45.858896","29.4794052489"
BRONX,12,DOF,"1+05:22:03.900000","29.3677500000"
BRONX,11,DSNY,"1+05:20:13.333333","29.3370370369"
"STATEN ISLAND",17,DOB,"1+05:16:45.833333","29.2793981481"
BRONX,16,DSNY,"1+05:12:46.000000","29.2127777778"
Unspecified,12,DOT,"1+05:00:55.444444","29.0154012344"
BROOKLYN,3,FDNY,"1+05:00:16.000000","29.0044444444"
BRONX,4,DOB,"1+04:59:33.000000","28.9925000000"
"STATEN ISLAND",18,DSNY,"1+04:55:47.027027","28.9297297297"
BROOKLYN,13,DOB,"1+04:53:21.057143","28.8891825397"
"STATEN ISLAND",6,DSNY,"1+04:52:20.000000","28.8722222222"
MANHATTAN,12,DOT,"1+04:51:15.781955","28.8543838764"
"STATEN ISLAND",18,DOT,"1+04:48:18.400000","28.8051111111"
MANHATTAN,13,DOF,"1+04:38:58.473684","28.6495760233"
MANHATTAN,17,DSNY,"1+04:37:38.918919","28.6274774775"
BROOKLYN,17,DOT,"1+04:31:32.367647","28.5256576797"
BRONX,13,DSNY,"1+04:31:16.363636","28.5212121211"
BRONX,4,DSNY,"1+04:30:35.000000","28.5097222222"
BRONX,8,DEP,"1+04:23:45.882353","28.3960784314"
BRONX,12,FDNY,"1+04:09:33.500000","28.1593055556"
QUEENS,10,DOB,"1+04:07:10.063830","28.1194621750"
BROOKLYN,6,TLC,"1+04:06:12.000000","28.1033333333"
QUEENS,17,DCA,"1+03:52:53.000000","27.8813888889"
QUEENS,17,DSNY,"1+03:47:34.468085","27.7929078014"
"STATEN ISLAND",7,DEP,"1+03:44:18.000000","27.738333333"
MANHATTAN,15,DEP,"1+03:43:36.666667","27.726851852"
MANHATTAN,11,DSNY,"1+03:34:24.000000","27.573333333"
BRONX,1,DEP,"1+03:33:52.500000","27.564583333"
QUEENS,12,DOF,"1+03:24:22.454545","27.406237374"
QUEENS,15,TLC,"1+03:22:56.750000","27.382430556"
BROOKLYN,19,DSNY,"1+03:16:28.085106","27.274468085"
MANHATTAN,18,DOB,"1+03:13:04.612903","27.217948029"
QUEENS,16,DOF,"1+03:12:10.000000","27.202777778"
BRONX,2,DOB,"1+03:11:30.000000","27.191666667"
BRONX,17,DOF,"1+03:11:19.625000","27.188784722"
BRONX,17,DSNY,"1+02:42:03.157895","26.700877193"
MANHATTAN,12,DOF,"1+02:36:29.058824","26.608071896"
Unspecified,18,DCA,"1+02:35:35.538462","26.593205128"
BRONX,9,DOT,"1+02:35:04.621622","26.584617117"
BRONX,14,DEP,"1+02:34:30.000000","26.575000000"
MANHATTAN,20,DCA,"1+02:33:52.000000","26.564444444"
"STATEN ISLAND",19,DSNY,"1+02:28:58.064516","26.482795699"
BROOKLYN,12,DCA,"1+02:19:47.500000","26.329861111"
QUEENS,12,FDNY,"1+02:16:58.000000","26.282777778"
"STATEN ISLAND",1,DEP,"1+02:12:54.000000","26.215000000"
BRONX,10,DEP,"1+02:05:20.000000","26.088888889"
BRONX,2,DSNY,"1+01:59:48.000000","25.996666667"
MANHATTAN,17,DOT,"1+01:58:48.671233","25.980186454"
"STATEN ISLAND",5,DOB,"1+01:35:08.833333","25.585787037"
BRONX,7,DSNY,"1+01:33:00.000000","25.550000000"
QUEENS,20,DOF,"1+01:24:53.500000","25.414861111"
MANHATTAN,12,DSNY,"1+01:24:16.875000","25.404687500"
BROOKLYN,12,DOF,"1+01:20:52.533333","25.347925926"
BRONX,13,DOF,"1+01:16:23.000000","25.273055556"
QUEENS,2,DOB,"1+00:53:24.444444","24.890123457"
BRONX,12,DPR,"1+00:48:37.500000","24.810416667"
BRONX,12,DOT,"1+00:48:21.020408","24.805839002"
"STATEN ISLAND",19,DOB,"1+00:46:18.500000","24.771805556"
MANHATTAN,12,DCA,"1+00:45:30.000000","24.758333333"
BRONX,9,DOF,"1+00:44:06.000000","24.735000000"
BROOKLYN,20,DCA,"1+00:43:15.200000","24.720888889"
Unspecified,5,OEM,"1+00:35:25.000000","24.590277778"
QUEENS,14,DOT,"1+00:31:16.892216","24.521358949"
BRONX,18,DOB,"1+00:31:10.785714","24.519662698"
BRONX,6,DOF,"1+00:27:34.666667","24.459629630"
Unspecified,20,DCA,"1+00:16:49.500000","24.280416667"
MANHATTAN,4,DEP,"1+00:08:56.923077","24.149145299"
BRONX,6,DSNY,"1+00:08:15.348837","24.137596899"
"STATEN ISLAND",3,DEP,"1+00:08:00.000000","24.133333333"
QUEENS,19,DCA,"1+00:07:37.000000","24.126944444"
MANHATTAN,16,DSNY,"1+00:05:15.555556","24.087654321"
BRONX,12,DCA,"1+00:03:37.750000","24.060486111"
Unspecified,20,DOT,"1+00:03:17.000000","24.054722222"
Unspecified,17,DPR,"1+00:02:59.000000","24.049722222"
Unspecified,14,DCA,"1+00:02:53.000000","24.048055556"
MANHATTAN,8,DEP,"1+00:02:37.714286","24.043809524"
Unspecified,13,DPR,"1+00:01:45.000000","24.029166667"
Unspecified,18,OEM,"1+00:01:43.000000","24.028611111"
BRONX,6,DOHMH,"1+00:00:00.000000","24.000000000"
BROOKLYN,11,DOHMH,"1+00:00:00.000000","24.000000000"
"STATEN ISLAND",17,DOHMH,"1+00:00:00.000000","24.000000000"
"STATEN ISLAND",20,HPD,"1+00:00:00.000000","24.000000000"
Unspecified,19,DCA,"23:56:31.000000","23.941944444"
QUEENS,17,DOF,"23:51:01.625000","23.850451389"
Unspecified,4,DOT,"23:44:04.388889","23.734552469"
MANHATTAN,18,DSNY,"23:36:30.000000","23.608333333"
MANHATTAN,17,DOF,"23:26:37.645161","23.443790322"
BROOKLYN,4,DOB,"23:25:04.935484","23.418037634"
QUEENS,13,DOT,"23:22:42.733333","23.378537037"
QUEENS,19,DSNY,"23:16:08.059701","23.268905473"
BRONX,2,DOT,"23:15:13.804348","23.253834541"
MANHATTAN,19,FDNY,"23:13:26.625000","23.224062500"
MANHATTAN,19,DOT,"23:13:04.361111","23.217878086"
QUEENS,19,DPR,"23:12:29.416667","23.208171296"
QUEENS,16,DOT,"23:05:14.833333","23.087453704"
MANHATTAN,14,DOB,"23:02:13.857143","23.037182540"
QUEENS,18,TLC,"22:57:29.000000","22.958055556"
MANHATTAN,17,DOB,"22:54:30.000000","22.908333333"
MANHATTAN,16,DOT,"22:50:50.882353","22.847467320"
BRONX,19,DOB,"22:50:41.300000","22.844805556"
QUEENS,17,DOB,"22:46:18.509804","22.771808279"
"STATEN ISLAND",3,DOB,"22:44:42.000000","22.745000000"
BROOKLYN,6,DOF,"22:43:36.400000","22.726777778"
MANHATTAN,13,DEP,"22:26:08.372093","22.435658915"
QUEENS,4,DOB,"22:21:06.270833","22.351741898"
BROOKLYN,17,DOF,"22:18:21.538462","22.305982906"
Unspecified,8,NYPD,"22:16:43.000000","22.278611111"
"STATEN ISLAND",5,DSNY,"22:12:37.500000","22.210416667"
Unspecified,16,DOE,"21:54:41.000000","21.911388889"
MANHATTAN,3,DEP,"21:54:23.478261","21.906521739"
MANHATTAN,10,DOB,"21:50:42.884615","21.845245726"
QUEENS,6,DOF,"21:49:46.875000","21.829687500"
QUEENS,20,FDNY,"21:48:20.500000","21.805694444"
Unspecified,5,DOT,"21:48:07.000000","21.801944444"
Unspecified,17,DOT,"21:43:23.000000","21.723055556"
"STATEN ISLAND",20,DSNY,"21:40:57.272727","21.682575758"
BROOKLYN,15,DEP,"21:27:05.000000","21.451388889"
BRONX,12,DOB,"21:23:56.000000","21.398888889"
QUEENS,11,DOB,"21:20:56.133333","21.348925926"
Unspecified,9,DOT,"21:17:37.500000","21.293750000"
"STATEN ISLAND",2,DCA,"21:16:55.000000","21.281944444"
BRONX,4,DEP,"21:11:43.333333","21.195370370"
BROOKLYN,18,DOB,"21:08:27.069767","21.140852713"
BRONX,17,DOT,"21:08:04.638298","21.134621749"
QUEENS,7,DOF,"21:07:52.285714","21.131190476"
MANHATTAN,20,FDNY,"21:04:54.200000","21.081722222"
QUEENS,7,DEP,"20:56:11.785714","20.936607143"
QUEENS,10,DEP,"20:49:05.925926","20.818312757"
Unspecified,12,DOF,"20:48:47.800000","20.813277778"
BRONX,16,DOT,"20:47:39.650000","20.794347222"
QUEENS,20,DCA,"20:46:06.000000","20.768333333"
MANHATTAN,18,DOHMH,"20:44:44.000000","20.745555556"
QUEENS,11,DOHMH,"20:41:15.333333","20.687592593"
QUEENS,20,HPD,"20:37:30.000000","20.625000000"
BRONX,19,DSNY,"20:25:32.000000","20.425555556"
BROOKLYN,16,DOT,"20:24:15.207547","20.404224319"
BROOKLYN,20,DSNY,"20:16:03.333333","20.267592593"
MANHATTAN,9,DEP,"20:15:31.666667","20.258796296"
"STATEN ISLAND",5,DEP,"20:05:38.181818","20.093939394"
QUEENS,11,DOE,"20:01:42.000000","20.028333333"
BRONX,13,DCA,"20:00:05.000000","20.001388889"
Unspecified,6,DSNY,"19:56:00.000000","19.933333333"
MANHATTAN,13,DOT,"19:51:22.229412","19.856174837"
MANHATTAN,19,DPR,"19:50:07.000000","19.835277778"
Unspecified,11,DOF,"19:48:32.612903","19.809059140"
BROOKLYN,12,DOB,"19:42:47.617647","19.713227124"
Unspecified,2,DOF,"19:37:34.600000","19.626277778"
QUEENS,8,DEP,"19:34:04.186047","19.567829458"
BROOKLYN,8,DEP,"19:31:39.428571","19.527619048"
BRONX,11,DOB,"19:29:45.000000","19.495833333"
Unspecified,4,DOF,"19:22:40.443396","19.377900943"
"STATEN ISLAND",15,DOB,"19:15:24.666667","19.256851852"
QUEENS,17,DOT,"19:10:18.182609","19.171717391"
BRONX,2,DEP,"19:09:30.000000","19.158333333"
Unspecified,20,DOF,"19:07:59.210526","19.133114035"
Unspecified,19,DOF,"19:02:46.086957","19.046135266"
BROOKLYN,13,DOF,"19:01:35.750000","19.026597222"
MANHATTAN,11,DEP,"19:00:20.000000","19.005555556"
Unspecified,5,DOF,"18:59:15.370079","18.987602800"
MANHATTAN,14,DPR,"18:54:23.600000","18.906555556"
QUEENS,2,DCA,"18:48:19.833333","18.805509259"
BROOKLYN,16,DEP,"18:47:42.000000","18.795000000"
Unspecified,17,DOF,"18:43:43.963303","18.728878695"
Unspecified,13,DOF,"18:43:35.666667","18.726574074"
BROOKLYN,19,DPR,"18:39:54.375000","18.665104167"
Unspecified,6,DOF,"18:38:13.822034","18.637172787"
Unspecified,18,DOT,"18:37:11.400000","18.619833333"
MANHATTAN,16,DPR,"18:28:06.500000","18.468472222"
BRONX,20,DCA,"18:24:30.500000","18.408472222"
BRONX,5,DOB,"18:23:15.166667","18.387546296"
QUEENS,9,DOB,"18:22:00.100000","18.366694444"
BRONX,15,DOB,"18:21:32.666667","18.359074074"
"STATEN ISLAND",10,DOB,"18:17:23.000000","18.289722222"
MANHATTAN,12,DPR,"18:16:31.166667","18.275324074"
"STATEN ISLAND",5,DCA,"18:03:57.000000","18.065833333"
QUEENS,12,DOB,"18:01:45.068966","18.029185824"
MANHATTAN,4,DOB,"18:00:06.590909","18.001830808"
"STATEN ISLAND",10,DEP,"17:59:41.052632","17.994736842"
Unspecified,16,DOF,"17:48:01.500000","17.800416667"
BROOKLYN,3,DEP,"17:41:17.307692","17.688141026"
MANHATTAN,19,DSNY,"17:37:17.500000","17.621527778"
BRONX,10,DOB,"17:33:14.636364","17.554065657"
BRONX,20,HPD,"17:33:08.059701","17.552238806"
QUEENS,20,DSNY,"17:29:17.142857","17.488095238"
MANHATTAN,13,DSNY,"17:20:38.666667","17.344074074"
BRONX,13,DEP,"17:17:48.750000","17.296875000"
BROOKLYN,7,DEP,"17:17:00.000000","17.283333333"
MANHATTAN,20,HPD,"17:14:21.971831","17.239436620"
BROOKLYN,10,DEP,"17:08:14.782609","17.137439614"
MANHATTAN,2,DOE,"17:06:57.000000","17.115833333"
QUEENS,6,DOB,"17:06:46.812500","17.113003472"
MANHATTAN,5,DEP,"17:04:09.000000","17.069166667"
MANHATTAN,10,DEP,"17:01:00.000000","17.016666667"
QUEENS,14,DEP,"16:57:00.952381","16.950264550"
BRONX,16,DOB,"16:46:51.000000","16.780833333"
"STATEN ISLAND",13,DEP,"16:29:49.090909","16.496969697"
BROOKLYN,20,DOF,"16:29:23.142857","16.489761905"
"STATEN ISLAND",18,DEP,"16:28:27.692308","16.474358974"
BROOKLYN,11,DEP,"16:26:26.250000","16.440625000"
MANHATTAN,7,DEP,"16:21:39.574468","16.360992908"
"STATEN ISLAND",20,DOT,"16:15:58.500000","16.266250000"
BRONX,7,DEP,"16:07:00.000000","16.116666667"
Unspecified,9,DOF,"16:01:39.818182","16.027727273"
MANHATTAN,16,DOB,"15:55:51.000000","15.930833333"
"STATEN ISLAND",13,DOF,"15:53:20.000000","15.888888889"
BROOKLYN,1,DEP,"15:44:48.648649","15.746846847"
QUEENS,18,DOB,"15:42:19.738095","15.705482804"
BRONX,14,DOT,"15:34:50.558442","15.580710678"
BRONX,13,DOT,"15:31:50.397059","15.530665850"
BRONX,19,DOT,"15:31:44.092593","15.528914609"
"STATEN ISLAND",14,DEP,"15:29:36.000000","15.493333333"
MANHATTAN,20,DSNY,"15:28:19.090909","15.471969697"
MANHATTAN,6,DEP,"15:14:47.307692","15.246474359"
MANHATTAN,11,DOB,"15:08:41.357143","15.144821429"
BROOKLYN,20,HPD,"15:08:06.486486","15.135135135"
BRONX,16,DEP,"14:56:46.956522","14.946376812"
MANHATTAN,13,DOB,"14:44:14.533333","14.737370370"
BROOKLYN,18,DPR,"14:39:29.666667","14.658240741"
QUEENS,15,DEP,"14:36:28.085106","14.607801418"
QUEENS,5,DOB,"14:34:49.036364","14.580287879"
BROOKLYN,13,DEP,"14:34:29.230769","14.574786325"
BRONX,11,DEP,"14:27:32.727273","14.459090909"
"STATEN ISLAND",11,DEP,"14:24:00.000000","14.400000000"
BROOKLYN,4,DEP,"14:18:42.857143","14.311904762"
BRONX,18,DPR,"14:07:44.500000","14.129027778"
BRONX,18,DSNY,"13:43:51.428571","13.730952381"
QUEENS,1,DEP,"13:43:10.666667","13.719629630"
QUEENS,3,DEP,"13:21:13.469388","13.353741497"
QUEENS,19,DOB,"13:20:39.274510","13.344242919"
BROOKLYN,5,DOB,"13:20:10.793103","13.336331418"
Unspecified,5,DOE,"13:11:03.000000","13.184166667"
MANHATTAN,17,DEP,"13:07:28.831169","13.124675325"
BROOKLYN,14,DEP,"13:03:40.800000","13.061333333"
QUEENS,2,DEP,"12:56:48.461538","12.946794872"
"STATEN ISLAND",8,DEP,"12:55:34.285714","12.926190476"
Unspecified,14,DPR,"12:46:50.000000","12.780555556"
BRONX,3,DEP,"12:46:40.000000","12.777777778"
BROOKLYN,18,DOT,"12:42:16.114428","12.704476230"
BRONX,17,DPR,"12:40:30.000000","12.675000000"
"STATEN ISLAND",19,DEP,"12:24:57.500000","12.415972222"
"STATEN ISLAND",12,FDNY,"12:23:13.500000","12.387083333"
MANHATTAN,17,TLC,"12:14:39.583333","12.244328704"
BRONX,20,DPR,"12:00:58.000000","12.016111111"
QUEENS,4,DEP,"11:59:35.409836","11.993169399"
MANHATTAN,18,DOT,"11:55:32.250000","11.925625000"
BROOKLYN,18,DEP,"11:51:33.684211","11.859356725"
BRONX,17,DEP,"11:50:43.928571","11.845535714"
QUEENS,13,DOF,"11:50:41.875000","11.844965278"
BROOKLYN,20,DPR,"11:49:40.928571","11.828035714"
QUEENS,11,DEP,"11:43:55.890411","11.732191781"
BRONX,18,DEP,"11:42:53.076923","11.714743590"
Unspecified,14,NYPD,"11:42:02.000000","11.700555556"
BROOKLYN,17,DEP,"11:41:53.478261","11.698188406"
BROOKLYN,9,DEP,"11:41:43.043478","11.695289855"
QUEENS,20,DPR,"11:39:54.437500","11.665121528"
BROOKLYN,19,DOT,"11:29:02.221739","11.483950483"
QUEENS,9,DEP,"11:28:41.142857","11.478095238"
BRONX,12,DEP,"11:25:20.000000","11.422222222"
QUEENS,17,DEP,"11:25:09.050279","11.419180633"
MANHATTAN,16,DEP,"11:21:08.333333","11.352314815"
QUEENS,13,DEP,"11:16:55.161290","11.281989247"
"STATEN ISLAND",12,DEP,"11:16:45.000000","11.279166667"
QUEENS,16,DEP,"11:12:15.000000","11.204166667"
QUEENS,19,DOT,"11:08:36.882653","11.143578515"
BRONX,20,DSNY,"11:04:08.000000","11.068888889"
MANHATTAN,7,DOB,"10:35:09.687500","10.586024306"
BROOKLYN,12,DEP,"10:33:55.500000","10.565416667"
BRONX,20,DOT,"10:33:55.186047","10.565329458"
QUEENS,20,DOB,"10:19:36.309524","10.326752646"
BRONX,18,DOT,"10:10:31.805825","10.175501618"
QUEENS,5,DEP,"10:09:40.000000","10.161111111"
MANHATTAN,20,DOT,"09:57:10.021277","9.9527836881"
BROOKLYN,5,DEP,"09:47:59.104478","9.7997512439"
MANHATTAN,20,DOF,"09:37:59.000000","9.6330555556"
BRONX,19,DPR,"09:36:28.500000","9.6079166667"
BRONX,9,DEP,"09:36:00.000000","9.6000000000"
BROOKLYN,6,DEP,"09:31:28.085106","9.5244680850"
"STATEN ISLAND",12,DOT,"09:18:55.565217","9.3154347825"
MANHATTAN,19,DEP,"09:18:31.578947","9.3087719297"
"STATEN ISLAND",17,DEP,"09:12:41.052632","9.2114035089"
QUEENS,6,DEP,"09:07:19.615385","9.1221153847"
BRONX,5,DEP,"08:45:33.333333","8.7592592592"
"STATEN ISLAND",9,DEP,"08:40:20.000000","8.6722222222"
QUEENS,18,DOT,"08:32:14.682927","8.5374119242"
BROOKLYN,2,DEP,"08:30:48.000000","8.5133333333"
MANHATTAN,12,DEP,"08:30:13.043478","8.5036231883"
QUEENS,16,DOB,"08:29:32.250000","8.4922916667"
MANHATTAN,12,DOB,"08:27:39.391304","8.4609420289"
MANHATTAN,18,DEP,"07:47:25.833333","7.7905092592"
QUEENS,12,DEP,"07:42:00.000000","7.7000000000"
BRONX,19,DFTA,"07:32:16.000000","7.5377777778"
"STATEN ISLAND",4,DOB,"07:28:44.000000","7.4788888889"
BROOKLYN,6,DOB,"07:21:16.875000","7.3546875000"
BRONX,6,DEP,"07:00:10.588235","7.0029411764"
MANHATTAN,20,TLC,"06:37:45.916667","6.6294212964"
BROOKLYN,19,DOB,"06:36:35.233333","6.6097870369"
MANHATTAN,9,DOB,"06:19:35.666667","6.3265740742"
QUEENS,19,FDNY,"06:15:42.000000","6.2616666667"
MANHATTAN,5,DOB,"06:12:19.956522","6.2055434783"
Unspecified,6,OEM,"06:09:10.000000","6.1527777778"
MANHATTAN,2,NYPD,"06:06:57.354651","6.1159318475"
BROOKLYN,20,DOB,"06:05:22.352941","6.0895424836"
BRONX,19,DEP,"06:00:16.363636","6.0045454544"
MANHATTAN,20,DPR,"05:59:18.750000","5.9885416667"
BRONX,21,DOE,"05:55:55.000000","5.9319444444"
QUEENS,18,DEP,"05:40:24.375000","5.6734375000"
QUEENS,5,NYPD,"05:31:12.798387","5.5202217742"
BRONX,20,NYPD,"05:24:47.298701","5.4131385281"
QUEENS,13,NYPD,"05:12:02.614407","5.2007262242"
QUEENS,19,DEP,"05:06:36.250000","5.1100694444"
BRONX,20,DEP,"05:04:46.666667","5.0796296297"
MANHATTAN,20,DOB,"05:00:18.352941","5.0050980392"
BRONX,10,NYPD,"04:57:48.608696","4.9635024156"
BRONX,14,NYPD,"04:56:28.115789","4.9411432747"
QUEENS,12,NYPD,"04:56:21.852679","4.9394035219"
BRONX,18,NYPD,"04:49:56.012821","4.8322257836"
BROOKLYN,20,DOT,"04:47:04.274648","4.7845207356"
BROOKLYN,19,DEP,"04:44:51.923077","4.7477564103"
MANHATTAN,19,DOB,"04:43:25.266667","4.7236851853"
BRONX,15,NYPD,"04:39:49.562500","4.6637673611"
"STATEN ISLAND",6,DEP,"04:38:10.000000","4.6361111111"
QUEENS,7,NYPD,"04:36:36.220657","4.6100612936"
BRONX,19,NYPD,"04:35:34.266667","4.5928518519"
BROOKLYN,5,NYPD,"04:29:58.987755","4.4997188208"
BRONX,3,NYPD,"04:28:22.780822","4.4729946728"
QUEENS,6,NYPD,"04:27:27.933673","4.4577593536"
BROOKLYN,20,DEP,"04:27:22.857143","4.4563492064"
BRONX,8,NYPD,"04:25:55.318182","4.4320328283"
QUEENS,17,NYPD,"04:25:50.686747","4.4307463186"
BRONX,5,NYPD,"04:23:28.313253","4.3911981258"
BROOKLYN,6,NYPD,"04:22:11.170404","4.3697695567"
QUEENS,14,NYPD,"04:21:50.764192","4.3641011644"
BRONX,4,NYPD,"04:18:11.542857","4.3032063492"
BRONX,1,NYPD,"04:16:32.796610","4.2757768361"
QUEENS,11,NYPD,"04:15:33.666667","4.2593518519"
BRONX,13,NYPD,"04:14:00.351351","4.2334309308"
MANHATTAN,20,DEP,"04:12:08.888889","4.2024691358"
"STATEN ISLAND",10,NYPD,"04:10:51.535714","4.1809821428"
"STATEN ISLAND",14,NYPD,"04:07:55.200000","4.1320000000"
"STATEN ISLAND",4,NYPD,"04:03:59.607143","4.0665575397"
"STATEN ISLAND",1,NYPD,"04:01:56.761905","4.0324338625"
"STATEN ISLAND",7,NYPD,"04:01:53.100000","4.0314166667"
"STATEN ISLAND",19,DOT,"04:00:16.666667","4.0046296297"
BRONX,7,NYPD,"03:59:35.182796","3.9931063322"
QUEENS,20,DEP,"03:57:38.571429","3.9607142858"
QUEENS,3,NYPD,"03:56:26.504762","3.9406957672"
Unspecified,17,DOE,"03:56:03.000000","3.9341666667"
BRONX,17,NYPD,"03:55:19.268293","3.9220189703"
BROOKLYN,4,NYPD,"03:54:41.491667","3.9115254631"
BROOKLYN,19,NYPD,"03:53:28.358566","3.8912107128"
BRONX,12,NYPD,"03:51:01.030303","3.8502861953"
"STATEN ISLAND",3,NYPD,"03:50:30.264706","3.8417401961"
BROOKLYN,18,NYPD,"03:47:38.056180","3.7939044944"
BRONX,16,NYPD,"03:44:54.819820","3.7485610611"
QUEENS,20,DOT,"03:44:46.841379","3.7463448275"
BROOKLYN,3,NYPD,"03:41:15.089147","3.6875247631"
MANHATTAN,13,NYPD,"03:40:20.261146","3.6722947628"
BRONX,9,NYPD,"03:40:07.961538","3.6688782050"
BRONX,14,DPR,"03:38:15.000000","3.6375000000"
QUEENS,4,NYPD,"03:37:15.717073","3.6210325203"
BROOKLYN,15,NYPD,"03:36:15.926087","3.6044239131"
Unspecified,15,DEP,"03:36:00.000000","3.6000000000"
QUEENS,19,NYPD,"03:35:25.308108","3.5903633633"
"STATEN ISLAND",11,NYPD,"03:35:08.500000","3.5856944444"
QUEENS,10,NYPD,"03:32:58.991304","3.5497198067"
"STATEN ISLAND",19,NYPD,"03:32:28.538462","3.5412606839"
"STATEN ISLAND",6,NYPD,"03:31:52.458333","3.5312384258"
BROOKLYN,10,NYPD,"03:30:04.265152","3.5011847644"
BRONX,11,NYPD,"03:26:02.441176","3.4340114378"
BROOKLYN,12,NYPD,"03:25:38.141791","3.4272616086"
BRONX,20,DOF,"03:25:26.666667","3.4240740742"
BROOKLYN,7,NYPD,"03:24:47.959854","3.4133221817"
BROOKLYN,20,NYPD,"03:24:47.066914","3.4130741428"
"STATEN ISLAND",20,NYPD,"03:24:13.131579","3.4036476608"
QUEENS,18,NYPD,"03:21:41.349206","3.3614858906"
BROOKLYN,13,NYPD,"03:20:53.484444","3.3481901233"
BROOKLYN,14,NYPD,"03:18:41.903101","3.3116397503"
BRONX,6,NYPD,"03:18:34.205882","3.3095016339"
BRONX,20,DOB,"03:18:10.285714","3.3028571428"
BRONX,21,NYPD,"03:17:42.804878","3.2952235772"
"STATEN ISLAND",8,NYPD,"03:17:28.931034","3.2913697317"
"STATEN ISLAND",16,NYPD,"03:14:01.318182","3.2336994950"
Unspecified,3,NYPD,"03:13:59.500000","3.2331944444"
BROOKLYN,9,NYPD,"03:13:51.585034","3.2309958428"
BROOKLYN,8,NYPD,"03:12:44.657795","3.2124049431"
BROOKLYN,2,NYPD,"03:11:41.980952","3.1949947089"
BROOKLYN,1,NYPD,"03:10:54.991561","3.1819421003"
"STATEN ISLAND",20,DEP,"03:09:00.000000","3.1500000000"
MANHATTAN,4,NYPD,"03:08:32.198675","3.1422774097"
BROOKLYN,11,NYPD,"03:08:21.583643","3.1393287897"
BROOKLYN,16,NYPD,"03:08:16.048443","3.1377912342"
"STATEN ISLAND",15,NYPD,"03:07:53.565217","3.1315458936"
BROOKLYN,21,NYPD,"03:03:09.709016","3.0526969489"
BRONX,2,NYPD,"03:02:30.566667","3.0418240742"
"STATEN ISLAND",21,NYPD,"03:00:15.838710","3.0043996417"
BROOKLYN,21,DPR,"02:59:57.500000","2.9993055556"
"STATEN ISLAND",18,NYPD,"02:59:26.243243","2.9906231231"
QUEENS,1,NYPD,"02:58:44.750000","2.9790972222"
BROOKLYN,17,NYPD,"02:58:39.358491","2.9775995808"
"STATEN ISLAND",5,NYPD,"02:58:36.838710","2.9768996417"
"STATEN ISLAND",17,NYPD,"02:58:25.771429","2.9738253969"
QUEENS,21,DOF,"02:57:45.000000","2.9625000000"
QUEENS,9,NYPD,"02:57:19.761506","2.9554893072"
QUEENS,20,NYPD,"02:55:23.223744","2.9231177067"
"STATEN ISLAND",2,NYPD,"02:53:30.071429","2.8916865081"
MANHATTAN,14,NYPD,"02:52:20.699422","2.8724165061"
MANHATTAN,21,DSNY,"02:48:45.000000","2.8125000000"
QUEENS,8,NYPD,"02:47:48.320675","2.7967557431"
QUEENS,16,NYPD,"02:45:25.204878","2.757001355"
Unspecified,19,DOT,"02:44:18.272727","2.738409091"
MANHATTAN,7,NYPD,"02:41:58.241379","2.699511494"
QUEENS,21,NYPD,"02:36:58.821918","2.616339422"
"STATEN ISLAND",12,NYPD,"02:34:08.968750","2.569157986"
MANHATTAN,6,NYPD,"02:32:37.767742","2.543824373"
"STATEN ISLAND",13,NYPD,"02:28:28.038462","2.474455128"
MANHATTAN,5,NYPD,"02:27:49.468085","2.463741135"
QUEENS,2,NYPD,"02:25:23.906250","2.423307292"
QUEENS,15,NYPD,"02:25:21.166023","2.422546118"
MANHATTAN,10,NYPD,"02:25:06.906667","2.418585185"
MANHATTAN,8,NYPD,"02:23:32.292308","2.392303419"
MANHATTAN,17,NYPD,"02:22:37.207692","2.377002137"
Unspecified,4,NYPD,"02:21:57.000000","2.365833333"
BRONX,21,DOF,"02:21:53.000000","2.364722222"
MANHATTAN,19,NYPD,"02:21:01.000000","2.350277778"
MANHATTAN,12,NYPD,"02:20:29.826446","2.341618457"
MANHATTAN,3,NYPD,"02:19:48.798742","2.330221873"
BRONX,21,DSNY,"02:19:15.000000","2.320833333"
MANHATTAN,20,NYPD,"02:14:28.520833","2.241255787"
MANHATTAN,15,NYPD,"02:13:18.834081","2.221898356"
"STATEN ISLAND",9,NYPD,"02:13:09.558824","2.219321896"
Unspecified,6,TLC,"02:11:48.000000","2.196666667"
MANHATTAN,9,NYPD,"02:09:51.514851","2.164309681"
MANHATTAN,18,NYPD,"02:00:55.698413","2.015471781"
MANHATTAN,1,NYPD,"01:59:53.955414","1.998320948"
"STATEN ISLAND",21,DOT,"01:59:51.500000","1.997638889"
"STATEN ISLAND",20,DOF,"01:59:40.000000","1.994444444"
BROOKLYN,21,DSNY,"01:56:30.000000","1.941666667"
MANHATTAN,11,NYPD,"01:53:58.005618","1.899446005"
QUEENS,21,DSNY,"01:52:52.500000","1.881250000"
MANHATTAN,16,NYPD,"01:50:45.995392","1.846109831"
Unspecified,10,NYPD,"01:49:35.500000","1.826527778"
Unspecified,21,DOT,"01:46:00.000000","1.766666667"
MANHATTAN,21,NYPD,"01:39:29.400000","1.658166667"
MANHATTAN,21,DOT,"01:36:40.968750","1.611380208"
BRONX,6,DOB,"01:31:43.428571","1.528730159"
BROOKLYN,21,DOF,"01:31:42.000000","1.528333333"
BROOKLYN,21,DEP,"01:23:44.000000","1.395555556"
MANHATTAN,21,DOF,"01:15:56.000000","1.265555556"
BRONX,21,DOT,"01:15:23.333333","1.256481481"
QUEENS,21,DPR,"01:13:21.500000","1.222638889"
QUEENS,21,DOB,"01:12:58.642857","1.216289683"
MANHATTAN,21,DEP,"01:11:48.000000","1.196666667"
BRONX,21,DPR,"00:57:02.000000","0.9505555556"
BRONX,21,DEP,"00:53:45.000000","0.8958333333"
QUEENS,21,DEP,"00:46:06.666667","0.7685185186"
MANHATTAN,21,DPR,"00:44:52.000000","0.7477777778"
"STATEN ISLAND",6,DOB,"00:28:20.000000","0.4722222222"
Unspecified,12,NYPD,"00:27:44.000000","0.4622222222"
BROOKLYN,21,DOT,"00:21:25.375000","0.3570486111"
QUEENS,21,DOT,"00:18:23.463235","0.3065175653"
"STATEN ISLAND",17,DPR,"00:16:08.000000","0.268888889"
MANHATTAN,6,DOB,"00:14:25.875000","0.240520833"
"STATEN ISLAND",9,DPR,"00:13:59.000000","0.233055556"
BROOKLYN,9,"3-1-1","00:12:01.000000","0.200277778"
BRONX,1,DPR,"00:08:26.000000","0.140555556"
BRONX,2,"3-1-1","00:08:20.000000","0.138888889"
QUEENS,2,"3-1-1","00:08:17.000000","0.138055556"
BROOKLYN,5,"3-1-1","00:07:54.000000","0.131666667"
BRONX,9,"3-1-1","00:07:15.500000","0.120972222"
BROOKLYN,10,"3-1-1","00:07:05.000000","0.118055556"
MANHATTAN,20,"3-1-1","00:05:39.000000","0.0941666667"
MANHATTAN,18,"3-1-1","00:05:31.000000","0.0919444444"
BRONX,19,"3-1-1","00:05:17.000000","0.0880555556"
MANHATTAN,6,"3-1-1","00:05:07.000000","0.0852777778"
BROOKLYN,3,DHS,"00:05:05.500000","0.0848611111"
BRONX,10,"3-1-1","00:04:50.000000","0.0805555556"
MANHATTAN,10,DHS,"00:04:25.000000","0.0736111111"
BROOKLYN,6,DHS,"00:03:37.000000","0.0602777778"
BROOKLYN,12,"3-1-1","00:03:12.000000","0.0533333333"
QUEENS,6,TLC,"00:02:55.000000","0.0486111111"
MANHATTAN,8,DHS,"00:02:42.333333","0.0450925925"
MANHATTAN,15,DHS,"00:01:41.500000","0.0281944444"
Unspecified,10,HRA,"00:01:25.855556","0.023848766"
MANHATTAN,6,DHS,"00:01:10.500000","0.019583333"
MANHATTAN,1,DHS,"00:01:06.750000","0.018541667"
Unspecified,14,HRA,"00:01:03.721311","0.017700364"
BROOKLYN,10,DHS,"00:01:03.000000","0.017500000"
Unspecified,21,HRA,"00:01:02.926471","0.017479575"
MANHATTAN,19,DHS,"00:01:00.777778","0.016882716"
Unspecified,3,HRA,"00:00:59.927711","0.016646586"
MANHATTAN,14,DHS,"00:00:58.500000","0.016250000"
Unspecified,18,HRA,"00:00:57.605263","0.016001462"
Unspecified,15,HRA,"00:00:56.892857","0.015803571"
Unspecified,20,HRA,"00:00:56.149254","0.015597015"
"STATEN ISLAND",15,DHS,"00:00:53.000000","0.014722222"
BROOKLYN,18,DHS,"00:00:52.750000","0.014652778"
QUEENS,16,DHS,"00:00:52.000000","0.014444444"
Unspecified,12,HRA,"00:00:51.614458","0.014337349"
Unspecified,13,HRA,"00:00:51.014925","0.014170813"
BRONX,13,TLC,"00:00:51.000000","0.014166667"
Unspecified,1,HRA,"00:00:51.000000","0.014166667"
BROOKLYN,20,TLC,"00:00:50.000000","0.013888889"
BROOKLYN,7,TLC,"00:00:50.000000","0.013888889"
"STATEN ISLAND",18,DHS,"00:00:50.000000","0.013888889"
Unspecified,8,HRA,"00:00:48.621622","0.013506006"
QUEENS,21,TLC,"00:00:48.000000","0.013333333"
MANHATTAN,3,DHS,"00:00:45.750000","0.012708333"
Unspecified,19,HRA,"00:00:45.454545","0.012626263"
BROOKLYN,5,DHS,"00:00:45.000000","0.012500000"
QUEENS,15,DHS,"00:00:44.500000","0.012361111"
BROOKLYN,11,DHS,"00:00:44.250000","0.012291667"
BROOKLYN,13,DHS,"00:00:44.000000","0.012222222"
QUEENS,19,TLC,"00:00:43.000000","0.011944444"
QUEENS,4,DHS,"00:00:42.500000","0.011805556"
Unspecified,6,HRA,"00:00:42.441558","0.011789322"
MANHATTAN,9,DHS,"00:00:42.200000","0.011722222"
MANHATTAN,7,DHS,"00:00:42.166667","0.011712963"
"STATEN ISLAND",4,DHS,"00:00:42.000000","0.011666667"
Unspecified,17,HRA,"00:00:41.432836","0.011509121"
Unspecified,4,HRA,"00:00:41.329268","0.011480352"
BRONX,10,DHS,"00:00:41.000000","0.011388889"
BROOKLYN,4,DHS,"00:00:41.000000","0.011388889"
"STATEN ISLAND",12,DHS,"00:00:41.000000","0.011388889"
MANHATTAN,18,DHS,"00:00:40.642857","0.011289683"
Unspecified,11,HRA,"00:00:40.583333","0.011273148"
Unspecified,5,HRA,"00:00:40.513514","0.011253754"
MANHATTAN,21,DHS,"00:00:39.166667","0.010879630"
BRONX,10,TLC,"00:00:39.000000","0.010833333"
BRONX,21,TLC,"00:00:39.000000","0.010833333"
Unspecified,7,HRA,"00:00:38.428571","0.010674603"
MANHATTAN,11,DHS,"00:00:38.000000","0.010555556"
MANHATTAN,19,TLC,"00:00:38.000000","0.010555556"
QUEENS,12,DHS,"00:00:38.000000","0.010555556"
QUEENS,20,DHS,"00:00:38.000000","0.010555556"
BROOKLYN,19,DHS,"00:00:37.500000","0.010416667"
Unspecified,16,HRA,"00:00:35.310345","0.0098084292"
BROOKLYN,9,DHS,"00:00:35.000000","0.0097222222"
QUEENS,5,TLC,"00:00:35.000000","0.0097222222"
MANHATTAN,20,DHS,"00:00:34.666667","0.0096296297"
Unspecified,10,TLC,"00:00:34.333333","0.0095370369"
BRONX,8,DHS,"00:00:34.000000","0.0094444444"
MANHATTAN,16,DHS,"00:00:34.000000","0.0094444444"
MANHATTAN,4,DHS,"00:00:34.000000","0.0094444444"
BRONX,4,DHS,"00:00:33.000000","0.0091666667"
MANHATTAN,21,TLC,"00:00:32.200000","0.0089444444"
BRONX,6,DHS,"00:00:32.000000","0.0088888889"
QUEENS,1,DHS,"00:00:32.000000","0.0088888889"
MANHATTAN,12,DHS,"00:00:31.375000","0.0087152778"
Unspecified,9,HRA,"00:00:31.372093","0.0087144703"
Unspecified,2,HRA,"00:00:30.886364","0.0085795456"
BROOKLYN,16,TLC,"00:00:29.000000","0.0080555556"
MANHATTAN,5,DHS,"00:00:28.000000","0.0077777778"
QUEENS,11,TLC,"00:00:28.000000","0.0077777778"
MANHATTAN,17,DHS,"00:00:27.750000","0.0077083333"
QUEENS,10,TLC,"00:00:27.000000","0.0075000000"
MANHATTAN,2,DHS,"00:00:26.500000","0.0073611111"
QUEENS,8,DHS,"00:00:26.000000","0.0072222222"
BROOKLYN,7,DHS,"00:00:25.500000","0.0070833333"
QUEENS,9,DHS,"00:00:25.000000","0.0069444444"
BROOKLYN,16,DHS,"00:00:24.000000","0.0066666667"
QUEENS,2,TLC,"00:00:24.000000","0.0066666667"
BROOKLYN,21,DHS,"00:00:23.000000","0.0063888889"
Unspecified,7,TLC,"00:00:23.000000","0.0063888889"
QUEENS,21,DHS,"00:00:22.500000","0.0062500000"
MANHATTAN,13,DHS,"00:00:22.400000","0.0062222222"
BROOKLYN,12,DHS,"00:00:19.500000","0.0054166667"
BROOKLYN,2,DHS,"00:00:19.500000","0.0054166667"
BROOKLYN,1,DHS,"00:00:19.000000","0.0052777778"
QUEENS,7,DHS,"00:00:19.000000","0.0052777778"
QUEENS,20,TLC,"00:00:18.000000","0.0050000000"
BROOKLYN,8,DHS,"00:00:17.000000","0.0047222222"
BRONX,9,DHS,"00:00:15.000000","0.0041666667"
QUEENS,2,DHS,"00:00:15.000000","0.0041666667"
BROOKLYN,15,DHS,"00:00:13.000000","0.0036111111"
BROOKLYN,17,DHS,"00:00:11.000000","0.0030555556"
Unspecified,2,TLC,"00:00:11.000000","0.0030555556"
BRONX,5,DHS,"00:00:10.000000","0.0027777778"
QUEENS,19,DHS,"00:00:09.500000","0.002638889"
QUEENS,4,TLC,"00:00:09.000000","0.002500000"
BRONX,4,TLC,"00:00:05.000000","0.001388889"
BRONX,21,DOB,"00:00:00.000000","0.000000"
BRONX,21,HPD,"00:00:00.000000","0.000000"
BRONX,7,DOHMH,"00:00:00.000000","0.000000"
BROOKLYN,21,DOB,"00:00:00.000000","0.000000"
BROOKLYN,21,HPD,"00:00:00.000000","0.000000"
MANHATTAN,21,DOB,"00:00:00.000000","0.000000"
MANHATTAN,21,HPD,"00:00:00.000000","0.000000"
QUEENS,13,DOHMH,"00:00:00.000000","0.000000"
QUEENS,21,HPD,"00:00:00.000000","0.000000"
"STATEN ISLAND",21,DOB,"00:00:00.000000","0.000000"
"STATEN ISLAND",7,DOB,"00:00:00.000000","0.000000"
"STATEN ISLAND",9,DOB,"00:00:00.000000","0.000000"
Unspecified,4,DEP,"00:00:00.000000","0.000000"